 ID, Vessel ID, Container ID, Invoice ID, Origin ID, Destination ID, Cargo Type, Weight, Departure Date, Arrival Date, Status
459773754,1722183516,569149869,2116101733,1148881892,1509019523,General,20.0,2024-01-02 00:00:00 UTC,2024-01-12 00:00:00 UTC,In-Transit
1471676093,1258230698,65597860,302123530,1148881892,1069451396,General,20.0,2024-01-02 00:00:00 UTC,2024-01-12 00:00:00 UTC,In-Transit
290879693,224686989,432911306,1358500301,1148881892,1509019523,General,20.0,2024-01-02 00:00:00 UTC,2024-01-12 00:00:00 UTC,In-Transit
685250289,661126257,1210391351,1529257817,1148881892,1069451396,General,20.0,2024-01-04 00:00:00 UTC,2024-01-14 00:00:00 UTC,In-Transit
258749532,1662239075,1210391351,1346253752,1069451396,1509019523,General,20.0,2024-01-06 00:00:00 UTC,2024-01-16 00:00:00 UTC,In-Transit
790917374,1662239075,65597860,1703805268,1148881892,1069451396,General,20.0,2024-01-07 00:00:00 UTC,2024-01-17 00:00:00 UTC,In-Transit
556251011,1722183516,569149869,1231404659,1148881892,1509019523,General,20.0,2024-01-07 00:00:00 UTC,2024-01-17 00:00:00 UTC,In-Transit
1079439046,1662239075,1430378783,1630087772,1069451396,1509019523,General,20.0,2024-01-08 00:00:00 UTC,2024-01-18 00:00:00 UTC,In-Transit
2044027139,1722183516,2132909713,1605838862,1509019523,1148881892,General,20.0,2024-01-08 00:00:00 UTC,2024-01-18 00:00:00 UTC,In-Transit
753344091,1258230698,1430378783,171124313,1069451396,1509019523,General,20.0,2024-01-08 00:00:00 UTC,2024-01-18 00:00:00 UTC,In-Transit
2072103814,661126257,1430378783,389213386,1509019523,1069451396,General,20.0,2024-01-09 00:00:00 UTC,2024-01-19 00:00:00 UTC,In-Transit
1335792472,1662239075,2022528239,1341618504,1148881892,1069451396,General,20.0,2024-01-10 00:00:00 UTC,2024-01-20 00:00:00 UTC,In-Transit
858803786,1722183516,1210391351,1014807628,1509019523,1069451396,General,20.0,2024-01-10 00:00:00 UTC,2024-01-20 00:00:00 UTC,In-Transit
1038302097,224686989,1064332384,133272423,1148881892,1509019523,General,20.0,2024-01-10 00:00:00 UTC,2024-01-20 00:00:00 UTC,In-Transit
1846842556,1722183516,1210391351,1507336898,1509019523,1148881892,General,20.0,2024-01-11 00:00:00 UTC,2024-01-21 00:00:00 UTC,In-Transit
1065397830,1258230698,432911306,224971520,1148881892,1069451396,General,20.0,2024-01-11 00:00:00 UTC,2024-01-21 00:00:00 UTC,In-Transit
795030578,1662239075,1210391351,159435139,1069451396,1148881892,General,20.0,2024-01-12 00:00:00 UTC,2024-01-22 00:00:00 UTC,In-Transit
671524064,1722183516,2022528239,1698605130,1069451396,1509019523,General,20.0,2024-01-13 00:00:00 UTC,2024-01-23 00:00:00 UTC,In-Transit
1684199594,1258230698,1064332384,1165988999,1148881892,1069451396,General,20.0,2024-01-13 00:00:00 UTC,2024-01-23 00:00:00 UTC,In-Transit
233558368,224686989,2022528239,2054113248,1148881892,1509019523,General,20.0,2024-01-14 00:00:00 UTC,2024-01-24 00:00:00 UTC,In-Transit
2068594296,1722183516,1430378783,2071903493,1509019523,1069451396,General,20.0,2024-01-15 00:00:00 UTC,2024-01-25 00:00:00 UTC,In-Transit
1511213909,1258230698,60651773,1499075023,1148881892,1509019523,General,20.0,2024-01-15 00:00:00 UTC,2024-01-25 00:00:00 UTC,In-Transit
703989365,1662239075,1210391351,816637990,1069451396,1148881892,General,20.0,2024-01-17 00:00:00 UTC,2024-01-27 00:00:00 UTC,In-Transit
436769876,1722183516,60651773,158833290,1069451396,1509019523,General,20.0,2024-01-17 00:00:00 UTC,2024-01-27 00:00:00 UTC,In-Transit
1522200779,1258230698,432911306,394883006,1069451396,1509019523,General,20.0,2024-01-17 00:00:00 UTC,2024-01-27 00:00:00 UTC,In-Transit
1503938087,1662239075,432911306,1971514129,1509019523,1148881892,General,20.0,2024-01-19 00:00:00 UTC,2024-01-29 00:00:00 UTC,In-Transit
473140321,1258230698,569149869,1911689430,1148881892,1069451396,General,20.0,2024-01-19 00:00:00 UTC,2024-01-29 00:00:00 UTC,In-Transit
1890935509,1722183516,2022528239,1794863642,1148881892,1069451396,General,20.0,2024-01-20 00:00:00 UTC,2024-01-30 00:00:00 UTC,In-Transit
848645707,661126257,65597860,863209586,1509019523,1148881892,General,20.0,2024-01-21 00:00:00 UTC,2024-01-31 00:00:00 UTC,In-Transit
1578987269,1258230698,2132909713,1559881305,1148881892,1509019523,General,20.0,2024-01-21 00:00:00 UTC,2024-01-31 00:00:00 UTC,In-Transit
1981812966,224686989,1796382062,1788841762,1509019523,1069451396,General,20.0,2024-01-21 00:00:00 UTC,2024-01-31 00:00:00 UTC,In-Transit
1586142924,1662239075,2132909713,60937896,1148881892,1509019523,General,20.0,2024-01-22 00:00:00 UTC,2024-02-01 00:00:00 UTC,In-Transit
1453732681,1258230698,2022528239,143222875,1069451396,1148881892,General,20.0,2024-01-22 00:00:00 UTC,2024-02-01 00:00:00 UTC,In-Transit
941451909,224686989,432911306,85707180,1069451396,1148881892,General,20.0,2024-01-22 00:00:00 UTC,2024-02-01 00:00:00 UTC,In-Transit
949607411,661126257,432911306,203410583,1069451396,1509019523,General,20.0,2024-01-23 00:00:00 UTC,2024-02-02 00:00:00 UTC,In-Transit
942457879,661126257,1210391351,498642956,1069451396,1148881892,General,20.0,2024-01-24 00:00:00 UTC,2024-02-03 00:00:00 UTC,In-Transit
234262711,1662239075,1064332384,3594777,1069451396,1509019523,General,20.0,2024-01-24 00:00:00 UTC,2024-02-03 00:00:00 UTC,In-Transit
1609105636,1258230698,65597860,1457971696,1148881892,1509019523,General,20.0,2024-01-24 00:00:00 UTC,2024-02-03 00:00:00 UTC,In-Transit
1897197196,661126257,2132909713,230822075,1148881892,1509019523,General,20.0,2024-01-25 00:00:00 UTC,2024-02-04 00:00:00 UTC,In-Transit
1549724015,1662239075,1796382062,1147035419,1148881892,1509019523,General,20.0,2024-01-25 00:00:00 UTC,2024-02-04 00:00:00 UTC,In-Transit
146466084,1722183516,2132909713,905319004,1069451396,1148881892,General,20.0,2024-01-26 00:00:00 UTC,2024-02-05 00:00:00 UTC,In-Transit
1955716062,661126257,2022528239,1406513604,1509019523,1148881892,General,20.0,2024-01-27 00:00:00 UTC,2024-02-06 00:00:00 UTC,In-Transit
828177301,1662239075,1796382062,1164913123,1148881892,1509019523,General,20.0,2024-01-27 00:00:00 UTC,2024-02-06 00:00:00 UTC,In-Transit
1573210672,1258230698,1430378783,66088754,1069451396,1509019523,General,20.0,2024-01-27 00:00:00 UTC,2024-02-06 00:00:00 UTC,In-Transit
1712378211,224686989,2022528239,1368536220,1509019523,1148881892,General,20.0,2024-01-27 00:00:00 UTC,2024-02-06 00:00:00 UTC,In-Transit
1947368778,224686989,2132909713,1416031626,1069451396,1509019523,General,20.0,2024-01-28 00:00:00 UTC,2024-02-07 00:00:00 UTC,In-Transit
1117017769,1662239075,1430378783,1479036994,1069451396,1509019523,General,20.0,2024-01-29 00:00:00 UTC,2024-02-08 00:00:00 UTC,In-Transit
1069231214,661126257,2132909713,975353694,1509019523,1069451396,General,20.0,2024-01-30 00:00:00 UTC,2024-02-09 00:00:00 UTC,In-Transit
152770473,224686989,2022528239,1366355385,1069451396,1148881892,General,20.0,2024-01-31 00:00:00 UTC,2024-02-10 00:00:00 UTC,In-Transit
1625347116,661126257,60651773,1025078076,1069451396,1148881892,General,20.0,2024-02-02 00:00:00 UTC,2024-02-12 00:00:00 UTC,In-Transit
1427308554,1662239075,1210391351,508304192,1148881892,1509019523,General,20.0,2024-02-03 00:00:00 UTC,2024-02-13 00:00:00 UTC,In-Transit
1586814023,1258230698,1210391351,1467361484,1069451396,1509019523,General,20.0,2024-02-03 00:00:00 UTC,2024-02-13 00:00:00 UTC,In-Transit
1200371880,1662239075,60651773,1870451296,1069451396,1509019523,General,20.0,2024-02-04 00:00:00 UTC,2024-02-14 00:00:00 UTC,In-Transit
1971251057,1722183516,65597860,911617738,1069451396,1148881892,General,20.0,2024-02-05 00:00:00 UTC,2024-02-15 00:00:00 UTC,In-Transit
2130578881,224686989,65597860,729700612,1069451396,1148881892,General,20.0,2024-02-07 00:00:00 UTC,2024-02-17 00:00:00 UTC,In-Transit
1240465599,1722183516,1064332384,851234351,1509019523,1069451396,General,20.0,2024-02-08 00:00:00 UTC,2024-02-18 00:00:00 UTC,In-Transit
2076069636,1662239075,1796382062,993006731,1148881892,1069451396,General,20.0,2024-02-09 00:00:00 UTC,2024-02-19 00:00:00 UTC,In-Transit
2072797189,224686989,1064332384,905800304,1069451396,1148881892,General,20.0,2024-02-09 00:00:00 UTC,2024-02-19 00:00:00 UTC,In-Transit
1405180062,1662239075,432911306,1499121343,1069451396,1509019523,General,20.0,2024-02-11 00:00:00 UTC,2024-02-21 00:00:00 UTC,In-Transit
68606909,1722183516,2022528239,1610073028,1069451396,1148881892,General,20.0,2024-02-11 00:00:00 UTC,2024-02-21 00:00:00 UTC,In-Transit
280711864,224686989,1796382062,129514954,1148881892,1069451396,General,20.0,2024-02-11 00:00:00 UTC,2024-02-21 00:00:00 UTC,In-Transit
574703771,1258230698,2022528239,1673601514,1509019523,1069451396,General,20.0,2024-02-12 00:00:00 UTC,2024-02-22 00:00:00 UTC,In-Transit
1398000988,1722183516,2022528239,1873007318,1069451396,1509019523,General,20.0,2024-02-13 00:00:00 UTC,2024-02-23 00:00:00 UTC,In-Transit
1173130917,224686989,60651773,1166653778,1509019523,1148881892,General,20.0,2024-02-13 00:00:00 UTC,2024-02-23 00:00:00 UTC,In-Transit
697268100,1662239075,1430378783,830363498,1148881892,1069451396,General,20.0,2024-02-14 00:00:00 UTC,2024-02-24 00:00:00 UTC,In-Transit
732224372,1258230698,65597860,1647554988,1148881892,1069451396,General,20.0,2024-02-14 00:00:00 UTC,2024-02-24 00:00:00 UTC,In-Transit
1179631497,661126257,432911306,1276144348,1509019523,1148881892,General,20.0,2024-02-15 00:00:00 UTC,2024-02-25 00:00:00 UTC,In-Transit
945476177,1258230698,432911306,211021802,1069451396,1509019523,General,20.0,2024-02-15 00:00:00 UTC,2024-02-25 00:00:00 UTC,In-Transit
1910752228,1258230698,1064332384,1025391047,1069451396,1509019523,General,20.0,2024-02-16 00:00:00 UTC,2024-02-26 00:00:00 UTC,In-Transit
1259504008,661126257,1210391351,660170568,1509019523,1069451396,General,20.0,2024-02-17 00:00:00 UTC,2024-02-27 00:00:00 UTC,In-Transit
1959054600,224686989,432911306,438414665,1509019523,1148881892,General,20.0,2024-02-17 00:00:00 UTC,2024-02-27 00:00:00 UTC,In-Transit
31599118,1258230698,60651773,3214817,1148881892,1509019523,General,20.0,2024-02-18 00:00:00 UTC,2024-02-28 00:00:00 UTC,In-Transit
996643363,661126257,2132909713,1233266417,1148881892,1509019523,General,20.0,2024-02-19 00:00:00 UTC,2024-02-29 00:00:00 UTC,In-Transit
2061006221,1722183516,1064332384,1276627442,1509019523,1069451396,General,20.0,2024-02-19 00:00:00 UTC,2024-02-29 00:00:00 UTC,In-Transit
2095754567,661126257,60651773,1970036292,1069451396,1148881892,General,20.0,2024-02-20 00:00:00 UTC,2024-03-01 00:00:00 UTC,In-Transit
1559059543,1722183516,432911306,681422950,1069451396,1509019523,General,20.0,2024-02-20 00:00:00 UTC,2024-03-01 00:00:00 UTC,In-Transit
1930342627,1258230698,432911306,1369504541,1509019523,1069451396,General,20.0,2024-02-20 00:00:00 UTC,2024-03-01 00:00:00 UTC,In-Transit
447602220,224686989,432911306,2060029148,1148881892,1509019523,General,20.0,2024-02-20 00:00:00 UTC,2024-03-01 00:00:00 UTC,In-Transit
1664910990,1258230698,1064332384,1352163769,1509019523,1069451396,General,20.0,2024-02-21 00:00:00 UTC,2024-03-02 00:00:00 UTC,In-Transit
44796478,1722183516,1430378783,1530851956,1069451396,1509019523,General,20.0,2024-02-22 00:00:00 UTC,2024-03-03 00:00:00 UTC,In-Transit
1979049041,661126257,432911306,456797316,1509019523,1148881892,General,20.0,2024-02-23 00:00:00 UTC,2024-03-04 00:00:00 UTC,In-Transit
790770616,661126257,60651773,1911909661,1148881892,1069451396,General,20.0,2024-02-24 00:00:00 UTC,2024-03-05 00:00:00 UTC,In-Transit
1964412196,1258230698,569149869,1861016855,1148881892,1069451396,General,20.0,2024-02-24 00:00:00 UTC,2024-03-05 00:00:00 UTC,In-Transit
421238137,224686989,65597860,1081199940,1069451396,1509019523,General,20.0,2024-02-24 00:00:00 UTC,2024-03-05 00:00:00 UTC,In-Transit
380897657,1722183516,432911306,391133544,1069451396,1509019523,General,20.0,2024-02-26 00:00:00 UTC,2024-03-07 00:00:00 UTC,In-Transit
1965427533,1662239075,1210391351,1057150146,1069451396,1509019523,General,20.0,2024-02-27 00:00:00 UTC,2024-03-08 00:00:00 UTC,In-Transit
2131746541,224686989,60651773,131384917,1069451396,1148881892,General,20.0,2024-02-27 00:00:00 UTC,2024-03-08 00:00:00 UTC,In-Transit
1815874220,661126257,1064332384,291492098,1148881892,1069451396,General,20.0,2024-02-28 00:00:00 UTC,2024-03-09 00:00:00 UTC,In-Transit
1553572310,1662239075,2132909713,338952015,1069451396,1148881892,General,20.0,2024-02-28 00:00:00 UTC,2024-03-09 00:00:00 UTC,In-Transit
1612994734,1722183516,1430378783,1761913062,1509019523,1148881892,General,20.0,2024-02-28 00:00:00 UTC,2024-03-09 00:00:00 UTC,In-Transit
2080714665,1258230698,1064332384,90992921,1069451396,1509019523,General,20.0,2024-02-28 00:00:00 UTC,2024-03-09 00:00:00 UTC,In-Transit
864557085,661126257,60651773,715067754,1148881892,1509019523,General,20.0,2024-02-29 00:00:00 UTC,2024-03-10 00:00:00 UTC,In-Transit
225123206,1258230698,1430378783,837977223,1509019523,1069451396,General,20.0,2024-02-29 00:00:00 UTC,2024-03-10 00:00:00 UTC,In-Transit
2044167319,224686989,2022528239,1232710343,1069451396,1509019523,General,20.0,2024-02-29 00:00:00 UTC,2024-03-10 00:00:00 UTC,In-Transit
1716327475,1722183516,1430378783,1144834219,1148881892,1509019523,General,20.0,2024-03-01 00:00:00 UTC,2024-03-11 00:00:00 UTC,In-Transit
3324520,1258230698,2022528239,1727127818,1069451396,1148881892,General,20.0,2024-03-01 00:00:00 UTC,2024-03-11 00:00:00 UTC,In-Transit
50720065,1258230698,2132909713,1499920664,1069451396,1148881892,General,20.0,2024-03-02 00:00:00 UTC,2024-03-12 00:00:00 UTC,In-Transit
1476874079,224686989,432911306,316982830,1069451396,1509019523,General,20.0,2024-03-02 00:00:00 UTC,2024-03-12 00:00:00 UTC,In-Transit
740901181,661126257,1064332384,1923222855,1509019523,1148881892,General,20.0,2024-03-03 00:00:00 UTC,2024-03-13 00:00:00 UTC,In-Transit
601999950,1662239075,1210391351,575002334,1509019523,1069451396,General,20.0,2024-03-03 00:00:00 UTC,2024-03-13 00:00:00 UTC,In-Transit
1442430564,1722183516,65597860,474932356,1069451396,1148881892,General,20.0,2024-03-03 00:00:00 UTC,2024-03-13 00:00:00 UTC,In-Transit
302953905,1258230698,1430378783,1411953662,1148881892,1069451396,General,20.0,2024-03-04 00:00:00 UTC,2024-03-14 00:00:00 UTC,In-Transit
1815791103,1258230698,1430378783,901536809,1148881892,1509019523,General,20.0,2024-03-05 00:00:00 UTC,2024-03-15 00:00:00 UTC,In-Transit
365532793,661126257,2022528239,260068391,1509019523,1069451396,General,20.0,2024-03-06 00:00:00 UTC,2024-03-16 00:00:00 UTC,In-Transit
1247347175,224686989,1796382062,130416066,1148881892,1069451396,General,20.0,2024-03-06 00:00:00 UTC,2024-03-16 00:00:00 UTC,In-Transit
233927531,661126257,432911306,321968910,1069451396,1148881892,General,20.0,2024-03-07 00:00:00 UTC,2024-03-17 00:00:00 UTC,In-Transit
1885483317,1722183516,1796382062,1665817326,1069451396,1148881892,General,20.0,2024-03-08 00:00:00 UTC,2024-03-18 00:00:00 UTC,In-Transit
1092054107,1258230698,2132909713,712910716,1509019523,1148881892,General,20.0,2024-03-09 00:00:00 UTC,2024-03-19 00:00:00 UTC,In-Transit
1530409713,1662239075,432911306,2057802611,1509019523,1148881892,General,20.0,2024-03-10 00:00:00 UTC,2024-03-20 00:00:00 UTC,In-Transit
146856775,1258230698,60651773,1408067868,1148881892,1069451396,General,20.0,2024-03-10 00:00:00 UTC,2024-03-20 00:00:00 UTC,In-Transit
1045950662,1662239075,1210391351,1344077927,1148881892,1069451396,General,20.0,2024-03-11 00:00:00 UTC,2024-03-21 00:00:00 UTC,In-Transit
1867221256,224686989,2022528239,2083015240,1148881892,1069451396,General,20.0,2024-03-11 00:00:00 UTC,2024-03-21 00:00:00 UTC,In-Transit
2089901676,224686989,60651773,1266257068,1509019523,1069451396,General,20.0,2024-03-13 00:00:00 UTC,2024-03-23 00:00:00 UTC,In-Transit
253683965,1662239075,1430378783,683864328,1069451396,1148881892,General,20.0,2024-03-14 00:00:00 UTC,2024-03-24 00:00:00 UTC,In-Transit
1060166882,1722183516,569149869,2071896880,1509019523,1148881892,General,20.0,2024-03-14 00:00:00 UTC,2024-03-24 00:00:00 UTC,In-Transit
1065751537,224686989,2022528239,205649952,1069451396,1148881892,General,20.0,2024-03-14 00:00:00 UTC,2024-03-24 00:00:00 UTC,In-Transit
801609325,1662239075,1430378783,446529945,1148881892,1069451396,General,20.0,2024-03-15 00:00:00 UTC,2024-03-25 00:00:00 UTC,In-Transit
812933606,224686989,432911306,1016141852,1069451396,1509019523,General,20.0,2024-03-15 00:00:00 UTC,2024-03-25 00:00:00 UTC,In-Transit
505708195,661126257,1796382062,36686564,1148881892,1069451396,General,20.0,2024-03-16 00:00:00 UTC,2024-03-26 00:00:00 UTC,In-Transit
1645141271,1722183516,1064332384,355894304,1148881892,1069451396,General,20.0,2024-03-17 00:00:00 UTC,2024-03-27 00:00:00 UTC,In-Transit
1265816256,1258230698,2132909713,1532741964,1148881892,1069451396,General,20.0,2024-03-17 00:00:00 UTC,2024-03-27 00:00:00 UTC,In-Transit
1932352826,661126257,1796382062,680203863,1069451396,1148881892,General,20.0,2024-03-18 00:00:00 UTC,2024-03-28 00:00:00 UTC,In-Transit
719306124,1722183516,1430378783,792580471,1069451396,1148881892,General,20.0,2024-03-18 00:00:00 UTC,2024-03-28 00:00:00 UTC,In-Transit
1203912307,224686989,1796382062,1953987578,1509019523,1069451396,General,20.0,2024-03-18 00:00:00 UTC,2024-03-28 00:00:00 UTC,In-Transit
385239212,224686989,1064332384,787829721,1148881892,1069451396,General,20.0,2024-03-19 00:00:00 UTC,2024-03-29 00:00:00 UTC,In-Transit
150198441,1722183516,2132909713,1921786443,1148881892,1509019523,General,20.0,2024-03-20 00:00:00 UTC,2024-03-30 00:00:00 UTC,In-Transit
1321921114,1258230698,1796382062,469002301,1509019523,1148881892,General,20.0,2024-03-20 00:00:00 UTC,2024-03-30 00:00:00 UTC,In-Transit
1569387575,661126257,1210391351,29954,1148881892,1069451396,General,20.0,2024-03-21 00:00:00 UTC,2024-03-31 00:00:00 UTC,In-Transit
296330044,224686989,432911306,228050326,1509019523,1148881892,General,20.0,2024-03-21 00:00:00 UTC,2024-03-31 00:00:00 UTC,In-Transit
790449967,1722183516,432911306,614702482,1509019523,1148881892,General,20.0,2024-03-22 00:00:00 UTC,2024-04-01 00:00:00 UTC,In-Transit
843444792,224686989,432911306,1957298898,1509019523,1069451396,General,20.0,2024-03-22 00:00:00 UTC,2024-04-01 00:00:00 UTC,In-Transit
1506070145,661126257,1064332384,1315251081,1148881892,1509019523,General,20.0,2024-03-23 00:00:00 UTC,2024-04-02 00:00:00 UTC,In-Transit
844916044,1662239075,1430378783,121033743,1069451396,1148881892,General,20.0,2024-03-23 00:00:00 UTC,2024-04-02 00:00:00 UTC,In-Transit
1468433341,1722183516,65597860,366681134,1069451396,1509019523,General,20.0,2024-03-24 00:00:00 UTC,2024-04-03 00:00:00 UTC,In-Transit
1947763306,661126257,1210391351,768236034,1148881892,1509019523,General,20.0,2024-03-26 00:00:00 UTC,2024-04-05 00:00:00 UTC,In-Transit
1279118508,1662239075,2132909713,1871772360,1069451396,1509019523,General,20.0,2024-03-26 00:00:00 UTC,2024-04-05 00:00:00 UTC,In-Transit
1780813530,1722183516,1796382062,1798625797,1148881892,1069451396,General,20.0,2024-03-26 00:00:00 UTC,2024-04-05 00:00:00 UTC,In-Transit
721374749,661126257,1064332384,1763823565,1148881892,1509019523,General,20.0,2024-03-27 00:00:00 UTC,2024-04-06 00:00:00 UTC,In-Transit
481708834,224686989,1210391351,1649506583,1069451396,1509019523,General,20.0,2024-03-28 00:00:00 UTC,2024-04-07 00:00:00 UTC,In-Transit
329918693,661126257,1796382062,303601242,1148881892,1069451396,General,20.0,2024-03-29 00:00:00 UTC,2024-04-08 00:00:00 UTC,In-Transit
595120587,1662239075,1430378783,103794049,1069451396,1509019523,General,20.0,2024-03-29 00:00:00 UTC,2024-04-08 00:00:00 UTC,In-Transit
561257869,1258230698,2022528239,934875977,1148881892,1069451396,General,20.0,2024-03-29 00:00:00 UTC,2024-04-08 00:00:00 UTC,In-Transit
2058553516,1258230698,60651773,1752745846,1148881892,1509019523,General,20.0,2024-03-30 00:00:00 UTC,2024-04-09 00:00:00 UTC,In-Transit
824597344,1662239075,60651773,293692766,1148881892,1069451396,General,20.0,2024-03-31 00:00:00 UTC,2024-04-10 00:00:00 UTC,In-Transit
673225754,661126257,1430378783,1193422984,1509019523,1148881892,General,20.0,2024-04-01 00:00:00 UTC,2024-04-11 00:00:00 UTC,In-Transit
1702088291,1722183516,1210391351,1977045401,1069451396,1509019523,General,20.0,2024-04-01 00:00:00 UTC,2024-04-11 00:00:00 UTC,In-Transit
151742676,1258230698,432911306,1222998888,1069451396,1509019523,General,20.0,2024-04-01 00:00:00 UTC,2024-04-11 00:00:00 UTC,In-Transit
223475794,224686989,60651773,1698052553,1148881892,1069451396,General,20.0,2024-04-01 00:00:00 UTC,2024-04-11 00:00:00 UTC,In-Transit
1132409194,1722183516,60651773,330280857,1069451396,1509019523,General,20.0,2024-04-02 00:00:00 UTC,2024-04-12 00:00:00 UTC,In-Transit
1412896747,224686989,1796382062,647664231,1148881892,1069451396,General,20.0,2024-04-02 00:00:00 UTC,2024-04-12 00:00:00 UTC,In-Transit
314627827,1662239075,2132909713,226817395,1148881892,1069451396,General,20.0,2024-04-03 00:00:00 UTC,2024-04-13 00:00:00 UTC,In-Transit
1511207413,1722183516,1430378783,1584086488,1148881892,1509019523,General,20.0,2024-04-03 00:00:00 UTC,2024-04-13 00:00:00 UTC,In-Transit
331190764,224686989,60651773,1907424415,1069451396,1148881892,General,20.0,2024-04-03 00:00:00 UTC,2024-04-13 00:00:00 UTC,In-Transit
1409865393,661126257,65597860,1275666855,1148881892,1509019523,General,20.0,2024-04-04 00:00:00 UTC,2024-04-14 00:00:00 UTC,In-Transit
105195109,1722183516,432911306,667936924,1148881892,1069451396,General,20.0,2024-04-04 00:00:00 UTC,2024-04-14 00:00:00 UTC,In-Transit
1717673283,224686989,1430378783,1166695703,1069451396,1148881892,General,20.0,2024-04-04 00:00:00 UTC,2024-04-14 00:00:00 UTC,In-Transit
687676816,1258230698,2022528239,985294818,1069451396,1148881892,General,20.0,2024-04-05 00:00:00 UTC,2024-04-15 00:00:00 UTC,In-Transit
192558137,1722183516,569149869,94982173,1148881892,1069451396,General,20.0,2024-04-06 00:00:00 UTC,2024-04-16 00:00:00 UTC,In-Transit
962080614,1722183516,1796382062,1460392553,1509019523,1069451396,General,20.0,2024-04-08 00:00:00 UTC,2024-04-18 00:00:00 UTC,In-Transit
602518444,224686989,2132909713,2004138638,1148881892,1509019523,General,20.0,2024-04-08 00:00:00 UTC,2024-04-18 00:00:00 UTC,In-Transit
2071206455,661126257,1430378783,774123159,1509019523,1148881892,General,20.0,2024-04-09 00:00:00 UTC,2024-04-19 00:00:00 UTC,In-Transit
630147092,1258230698,1430378783,1668384905,1148881892,1069451396,General,20.0,2024-04-09 00:00:00 UTC,2024-04-19 00:00:00 UTC,In-Transit
1362858941,661126257,2022528239,743507651,1069451396,1509019523,General,20.0,2024-04-11 00:00:00 UTC,2024-04-21 00:00:00 UTC,In-Transit
908795178,1662239075,1430378783,1320505770,1148881892,1069451396,General,20.0,2024-04-13 00:00:00 UTC,2024-04-23 00:00:00 UTC,In-Transit
1678419939,1258230698,1210391351,2070421276,1509019523,1069451396,General,20.0,2024-04-14 00:00:00 UTC,2024-04-24 00:00:00 UTC,In-Transit
1089743176,1662239075,1796382062,1894214322,1069451396,1509019523,General,20.0,2024-04-15 00:00:00 UTC,2024-04-25 00:00:00 UTC,In-Transit
1992464815,1722183516,569149869,511057583,1509019523,1069451396,General,20.0,2024-04-15 00:00:00 UTC,2024-04-25 00:00:00 UTC,In-Transit
240297466,661126257,1210391351,915332007,1148881892,1509019523,General,20.0,2024-04-18 00:00:00 UTC,2024-04-28 00:00:00 UTC,In-Transit
135176814,1662239075,60651773,153980036,1069451396,1509019523,General,20.0,2024-04-18 00:00:00 UTC,2024-04-28 00:00:00 UTC,In-Transit
314114293,661126257,1430378783,1207817840,1509019523,1069451396,General,20.0,2024-04-19 00:00:00 UTC,2024-04-29 00:00:00 UTC,In-Transit
1376690756,1258230698,1430378783,1533927024,1148881892,1509019523,General,20.0,2024-04-19 00:00:00 UTC,2024-04-29 00:00:00 UTC,In-Transit
768988390,661126257,1430378783,1893810342,1509019523,1148881892,General,20.0,2024-04-20 00:00:00 UTC,2024-04-30 00:00:00 UTC,In-Transit
1168413972,1662239075,1430378783,777088540,1148881892,1509019523,General,20.0,2024-04-20 00:00:00 UTC,2024-04-30 00:00:00 UTC,In-Transit
353968001,1258230698,1210391351,453730254,1148881892,1509019523,General,20.0,2024-04-20 00:00:00 UTC,2024-04-30 00:00:00 UTC,In-Transit
23592739,1662239075,1796382062,1590784038,1069451396,1148881892,General,20.0,2024-04-21 00:00:00 UTC,2024-05-01 00:00:00 UTC,In-Transit
1763150640,1258230698,1796382062,964642145,1069451396,1148881892,General,20.0,2024-04-21 00:00:00 UTC,2024-05-01 00:00:00 UTC,In-Transit
1855325460,1258230698,432911306,656457631,1148881892,1069451396,General,20.0,2024-04-23 00:00:00 UTC,2024-05-03 00:00:00 UTC,In-Transit
1185824346,224686989,2132909713,1497123783,1148881892,1069451396,General,20.0,2024-04-23 00:00:00 UTC,2024-05-03 00:00:00 UTC,In-Transit
1815542600,1662239075,1796382062,1467497718,1148881892,1509019523,General,20.0,2024-04-24 00:00:00 UTC,2024-05-04 00:00:00 UTC,In-Transit
340634215,1722183516,1064332384,1965009120,1069451396,1148881892,General,20.0,2024-04-24 00:00:00 UTC,2024-05-04 00:00:00 UTC,In-Transit
1860404332,661126257,2022528239,2097338774,1069451396,1509019523,General,20.0,2024-04-25 00:00:00 UTC,2024-05-05 00:00:00 UTC,In-Transit
822527960,661126257,569149869,38631684,1148881892,1509019523,General,20.0,2024-04-26 00:00:00 UTC,2024-05-06 00:00:00 UTC,In-Transit
2079843809,1662239075,1796382062,1755614213,1148881892,1509019523,General,20.0,2024-04-26 00:00:00 UTC,2024-05-06 00:00:00 UTC,In-Transit
1061238883,224686989,1064332384,1306515403,1148881892,1069451396,General,20.0,2024-04-26 00:00:00 UTC,2024-05-06 00:00:00 UTC,In-Transit
993425837,661126257,1064332384,1914779767,1509019523,1069451396,General,20.0,2024-04-27 00:00:00 UTC,2024-05-07 00:00:00 UTC,In-Transit
1124405859,1662239075,2132909713,1136755306,1509019523,1069451396,General,20.0,2024-04-27 00:00:00 UTC,2024-05-07 00:00:00 UTC,In-Transit
1032239509,1722183516,2022528239,1794690874,1148881892,1509019523,General,20.0,2024-04-27 00:00:00 UTC,2024-05-07 00:00:00 UTC,In-Transit
27264972,1258230698,1796382062,1774473103,1148881892,1509019523,General,20.0,2024-04-27 00:00:00 UTC,2024-05-07 00:00:00 UTC,In-Transit
934713651,1662239075,2132909713,326047658,1148881892,1069451396,General,20.0,2024-04-28 00:00:00 UTC,2024-05-08 00:00:00 UTC,In-Transit
1962356977,1722183516,1430378783,1434738057,1069451396,1148881892,General,20.0,2024-04-29 00:00:00 UTC,2024-05-09 00:00:00 UTC,In-Transit
170546826,1258230698,569149869,2025315252,1069451396,1509019523,General,20.0,2024-04-29 00:00:00 UTC,2024-05-09 00:00:00 UTC,In-Transit
988291135,224686989,1210391351,1959333789,1069451396,1509019523,General,20.0,2024-04-30 00:00:00 UTC,2024-05-10 00:00:00 UTC,In-Transit
59070171,224686989,2132909713,1736618337,1148881892,1509019523,General,20.0,2024-05-01 00:00:00 UTC,2024-05-11 00:00:00 UTC,In-Transit
420306209,1662239075,432911306,1099747494,1069451396,1509019523,General,20.0,2024-05-02 00:00:00 UTC,2024-05-12 00:00:00 UTC,In-Transit
874469927,1258230698,2022528239,133906269,1509019523,1148881892,General,20.0,2024-05-02 00:00:00 UTC,2024-05-12 00:00:00 UTC,In-Transit
319260213,661126257,2022528239,929779536,1148881892,1069451396,General,20.0,2024-05-03 00:00:00 UTC,2024-05-13 00:00:00 UTC,In-Transit
1815589858,661126257,2132909713,292439188,1148881892,1509019523,General,20.0,2024-05-04 00:00:00 UTC,2024-05-14 00:00:00 UTC,In-Transit
971622494,1722183516,2132909713,817409505,1509019523,1148881892,General,20.0,2024-05-04 00:00:00 UTC,2024-05-14 00:00:00 UTC,In-Transit
12762622,1258230698,1064332384,381864259,1069451396,1148881892,General,20.0,2024-05-04 00:00:00 UTC,2024-05-14 00:00:00 UTC,In-Transit
1184954816,1258230698,1210391351,2009349824,1509019523,1148881892,General,20.0,2024-05-05 00:00:00 UTC,2024-05-15 00:00:00 UTC,In-Transit
1592937729,224686989,1796382062,1528108136,1069451396,1509019523,General,20.0,2024-05-05 00:00:00 UTC,2024-05-15 00:00:00 UTC,In-Transit
1691009904,661126257,1064332384,1746489617,1148881892,1509019523,General,20.0,2024-05-07 00:00:00 UTC,2024-05-17 00:00:00 UTC,In-Transit
1406908095,1722183516,569149869,2023000562,1509019523,1148881892,General,20.0,2024-05-07 00:00:00 UTC,2024-05-17 00:00:00 UTC,In-Transit
961965742,1258230698,1064332384,526324039,1069451396,1148881892,General,20.0,2024-05-07 00:00:00 UTC,2024-05-17 00:00:00 UTC,In-Transit
43094372,661126257,60651773,654848238,1069451396,1509019523,General,20.0,2024-05-08 00:00:00 UTC,2024-05-18 00:00:00 UTC,In-Transit
1157470341,661126257,1796382062,1785082157,1148881892,1509019523,General,20.0,2024-05-09 00:00:00 UTC,2024-05-19 00:00:00 UTC,In-Transit
68577867,1662239075,1430378783,379210803,1509019523,1148881892,General,20.0,2024-05-09 00:00:00 UTC,2024-05-19 00:00:00 UTC,In-Transit
22209055,1258230698,2022528239,932533399,1069451396,1509019523,General,20.0,2024-05-09 00:00:00 UTC,2024-05-19 00:00:00 UTC,In-Transit
1735774049,224686989,1430378783,193505872,1148881892,1069451396,General,20.0,2024-05-09 00:00:00 UTC,2024-05-19 00:00:00 UTC,In-Transit
1053490714,1662239075,1210391351,1363477144,1069451396,1148881892,General,20.0,2024-05-10 00:00:00 UTC,2024-05-20 00:00:00 UTC,In-Transit
495297222,1662239075,1210391351,1805443464,1069451396,1509019523,General,20.0,2024-05-11 00:00:00 UTC,2024-05-21 00:00:00 UTC,In-Transit
503357768,1722183516,1796382062,654827705,1509019523,1148881892,General,20.0,2024-05-11 00:00:00 UTC,2024-05-21 00:00:00 UTC,In-Transit
1901986850,1258230698,1210391351,899959022,1069451396,1509019523,General,20.0,2024-05-11 00:00:00 UTC,2024-05-21 00:00:00 UTC,In-Transit
1261883635,224686989,1430378783,1092888020,1148881892,1509019523,General,20.0,2024-05-11 00:00:00 UTC,2024-05-21 00:00:00 UTC,In-Transit
1118940269,1722183516,1430378783,1320701673,1069451396,1148881892,General,20.0,2024-05-12 00:00:00 UTC,2024-05-22 00:00:00 UTC,In-Transit
814252022,1258230698,1064332384,1688584440,1509019523,1069451396,General,20.0,2024-05-12 00:00:00 UTC,2024-05-22 00:00:00 UTC,In-Transit
1597123698,224686989,1796382062,750985289,1148881892,1069451396,General,20.0,2024-05-12 00:00:00 UTC,2024-05-22 00:00:00 UTC,In-Transit
939947344,1722183516,1064332384,1827094410,1509019523,1148881892,General,20.0,2024-05-13 00:00:00 UTC,2024-05-23 00:00:00 UTC,In-Transit
171331654,1258230698,1210391351,369540362,1509019523,1069451396,General,20.0,2024-05-13 00:00:00 UTC,2024-05-23 00:00:00 UTC,In-Transit
1079845151,661126257,2022528239,2124718517,1148881892,1069451396,General,20.0,2024-05-14 00:00:00 UTC,2024-05-24 00:00:00 UTC,In-Transit
1916629786,1258230698,1210391351,1053085586,1509019523,1069451396,General,20.0,2024-05-15 00:00:00 UTC,2024-05-25 00:00:00 UTC,In-Transit
1583157703,661126257,1796382062,1005197475,1509019523,1148881892,General,20.0,2024-05-16 00:00:00 UTC,2024-05-26 00:00:00 UTC,In-Transit
1310109191,1722183516,1430378783,1210243958,1069451396,1148881892,General,20.0,2024-05-16 00:00:00 UTC,2024-05-26 00:00:00 UTC,In-Transit
2002490091,224686989,2132909713,168973351,1148881892,1069451396,General,20.0,2024-05-18 00:00:00 UTC,2024-05-28 00:00:00 UTC,In-Transit
1419000719,1662239075,1430378783,270730721,1069451396,1148881892,General,20.0,2024-05-19 00:00:00 UTC,2024-05-29 00:00:00 UTC,In-Transit
1523389303,1722183516,432911306,1578713256,1069451396,1148881892,General,20.0,2024-05-19 00:00:00 UTC,2024-05-29 00:00:00 UTC,In-Transit
1770496077,224686989,2022528239,925061458,1148881892,1509019523,General,20.0,2024-05-22 00:00:00 UTC,2024-06-01 00:00:00 UTC,In-Transit
1826139629,224686989,432911306,877065998,1509019523,1148881892,General,20.0,2024-05-23 00:00:00 UTC,2024-06-02 00:00:00 UTC,In-Transit
88916123,1662239075,1064332384,858784702,1148881892,1509019523,General,20.0,2024-05-24 00:00:00 UTC,2024-06-03 00:00:00 UTC,In-Transit
1574209815,661126257,65597860,659596106,1148881892,1069451396,General,20.0,2024-05-26 00:00:00 UTC,2024-06-05 00:00:00 UTC,In-Transit
41423033,1722183516,1064332384,1069704254,1148881892,1069451396,General,20.0,2024-05-27 00:00:00 UTC,2024-06-06 00:00:00 UTC,In-Transit
1417142262,1662239075,65597860,1584816606,1509019523,1148881892,General,20.0,2024-05-28 00:00:00 UTC,2024-06-07 00:00:00 UTC,In-Transit
1239898883,1662239075,2132909713,896231517,1509019523,1069451396,General,20.0,2024-05-29 00:00:00 UTC,2024-06-08 00:00:00 UTC,In-Transit
2029543411,224686989,432911306,1068264500,1148881892,1509019523,General,20.0,2024-05-29 00:00:00 UTC,2024-06-08 00:00:00 UTC,In-Transit
1702193774,661126257,60651773,1110994451,1509019523,1069451396,General,20.0,2024-05-30 00:00:00 UTC,2024-06-09 00:00:00 UTC,In-Transit
2007830442,224686989,432911306,53743035,1069451396,1148881892,General,20.0,2024-05-30 00:00:00 UTC,2024-06-09 00:00:00 UTC,In-Transit
2051551307,1722183516,2132909713,179748225,1509019523,1069451396,General,20.0,2024-05-31 00:00:00 UTC,2024-06-10 00:00:00 UTC,In-Transit
973951091,224686989,65597860,1888106469,1509019523,1148881892,General,20.0,2024-05-31 00:00:00 UTC,2024-06-10 00:00:00 UTC,In-Transit
1642555185,1662239075,1430378783,1155445683,1509019523,1148881892,General,20.0,2024-06-01 00:00:00 UTC,2024-06-11 00:00:00 UTC,In-Transit
1907223435,224686989,432911306,429064787,1509019523,1069451396,General,20.0,2024-06-01 00:00:00 UTC,2024-06-11 00:00:00 UTC,In-Transit
1871673375,661126257,569149869,372147227,1509019523,1148881892,General,20.0,2024-06-02 00:00:00 UTC,2024-06-12 00:00:00 UTC,In-Transit
1169490888,1722183516,2022528239,4198278,1069451396,1148881892,General,20.0,2024-06-02 00:00:00 UTC,2024-06-12 00:00:00 UTC,In-Transit
514355343,1662239075,1430378783,146721297,1069451396,1148881892,General,20.0,2024-06-03 00:00:00 UTC,2024-06-13 00:00:00 UTC,In-Transit
411969171,1258230698,432911306,1157016011,1509019523,1148881892,General,20.0,2024-06-04 00:00:00 UTC,2024-06-14 00:00:00 UTC,In-Transit
637561142,661126257,1210391351,1585673110,1069451396,1509019523,General,20.0,2024-06-05 00:00:00 UTC,2024-06-15 00:00:00 UTC,In-Transit
497421002,1258230698,2022528239,85393317,1148881892,1509019523,General,20.0,2024-06-07 00:00:00 UTC,2024-06-17 00:00:00 UTC,In-Transit
1309253189,661126257,2022528239,1246400561,1509019523,1069451396,General,20.0,2024-06-08 00:00:00 UTC,2024-06-18 00:00:00 UTC,In-Transit
540338267,224686989,60651773,1595398878,1509019523,1148881892,General,20.0,2024-06-08 00:00:00 UTC,2024-06-18 00:00:00 UTC,In-Transit
2107402617,1662239075,1210391351,1653108267,1509019523,1069451396,General,20.0,2024-06-09 00:00:00 UTC,2024-06-19 00:00:00 UTC,In-Transit
461950427,1258230698,65597860,1650675161,1509019523,1069451396,General,20.0,2024-06-09 00:00:00 UTC,2024-06-19 00:00:00 UTC,In-Transit
180343013,224686989,1064332384,799052616,1069451396,1509019523,General,20.0,2024-06-09 00:00:00 UTC,2024-06-19 00:00:00 UTC,In-Transit
780339541,1662239075,1210391351,614139061,1069451396,1509019523,General,20.0,2024-06-10 00:00:00 UTC,2024-06-20 00:00:00 UTC,In-Transit
478785254,1258230698,432911306,1020341099,1509019523,1069451396,General,20.0,2024-06-10 00:00:00 UTC,2024-06-20 00:00:00 UTC,In-Transit
1492629093,1258230698,1796382062,375455364,1069451396,1148881892,General,20.0,2024-06-11 00:00:00 UTC,2024-06-21 00:00:00 UTC,In-Transit
151608169,224686989,1064332384,1325597491,1509019523,1069451396,General,20.0,2024-06-11 00:00:00 UTC,2024-06-21 00:00:00 UTC,In-Transit
677018593,661126257,65597860,1380999082,1069451396,1509019523,General,20.0,2024-06-12 00:00:00 UTC,2024-06-22 00:00:00 UTC,In-Transit
407771237,1662239075,1796382062,2134926569,1509019523,1148881892,General,20.0,2024-06-12 00:00:00 UTC,2024-06-22 00:00:00 UTC,In-Transit
486077976,1258230698,2022528239,1729537683,1148881892,1069451396,General,20.0,2024-06-12 00:00:00 UTC,2024-06-22 00:00:00 UTC,In-Transit
1782754711,224686989,2132909713,1453716096,1069451396,1509019523,General,20.0,2024-06-12 00:00:00 UTC,2024-06-22 00:00:00 UTC,In-Transit
282064074,1662239075,1064332384,1291654258,1148881892,1509019523,General,20.0,2024-06-13 00:00:00 UTC,2024-06-23 00:00:00 UTC,In-Transit
568185664,661126257,1796382062,9578626,1509019523,1148881892,General,20.0,2024-06-14 00:00:00 UTC,2024-06-24 00:00:00 UTC,In-Transit
814745245,1258230698,1064332384,796985678,1509019523,1069451396,General,20.0,2024-06-14 00:00:00 UTC,2024-06-24 00:00:00 UTC,In-Transit
118224089,1258230698,432911306,1859621861,1509019523,1148881892,General,20.0,2024-06-15 00:00:00 UTC,2024-06-25 00:00:00 UTC,In-Transit
1830446504,224686989,60651773,1009251947,1148881892,1509019523,General,20.0,2024-06-15 00:00:00 UTC,2024-06-25 00:00:00 UTC,In-Transit
791936248,1662239075,2132909713,1904330030,1148881892,1509019523,General,20.0,2024-06-16 00:00:00 UTC,2024-06-26 00:00:00 UTC,In-Transit
648323002,1258230698,2132909713,434087276,1148881892,1509019523,General,20.0,2024-06-16 00:00:00 UTC,2024-06-26 00:00:00 UTC,In-Transit
534516893,1662239075,432911306,1389325815,1509019523,1069451396,General,20.0,2024-06-17 00:00:00 UTC,2024-06-27 00:00:00 UTC,In-Transit
2022392781,1258230698,65597860,1371410217,1069451396,1509019523,General,20.0,2024-06-17 00:00:00 UTC,2024-06-27 00:00:00 UTC,In-Transit
1079665504,224686989,1430378783,314081736,1069451396,1148881892,General,20.0,2024-06-17 00:00:00 UTC,2024-06-27 00:00:00 UTC,In-Transit
312210104,1662239075,1210391351,2083069571,1509019523,1148881892,General,20.0,2024-06-18 00:00:00 UTC,2024-06-28 00:00:00 UTC,In-Transit
38142947,224686989,1210391351,1130602751,1148881892,1509019523,General,20.0,2024-06-19 00:00:00 UTC,2024-06-29 00:00:00 UTC,In-Transit
640943525,661126257,65597860,26272667,1509019523,1148881892,General,20.0,2024-06-20 00:00:00 UTC,2024-06-30 00:00:00 UTC,In-Transit
1582670200,1258230698,432911306,1941698123,1148881892,1069451396,General,20.0,2024-06-20 00:00:00 UTC,2024-06-30 00:00:00 UTC,In-Transit
2073490324,1258230698,1064332384,1752509429,1509019523,1148881892,General,20.0,2024-06-21 00:00:00 UTC,2024-07-01 00:00:00 UTC,In-Transit
81027483,661126257,2022528239,1536278937,1069451396,1148881892,General,20.0,2024-06-22 00:00:00 UTC,2024-07-02 00:00:00 UTC,In-Transit
8494482,1258230698,1210391351,523046703,1509019523,1069451396,General,20.0,2024-06-23 00:00:00 UTC,2024-07-03 00:00:00 UTC,In-Transit
1633577287,1662239075,60651773,1993981901,1148881892,1069451396,General,20.0,2024-06-24 00:00:00 UTC,2024-07-04 00:00:00 UTC,In-Transit
1850730393,1722183516,1210391351,946524605,1509019523,1069451396,General,20.0,2024-06-24 00:00:00 UTC,2024-07-04 00:00:00 UTC,In-Transit
1358001167,1258230698,1430378783,70158411,1069451396,1148881892,General,20.0,2024-06-25 00:00:00 UTC,2024-07-05 00:00:00 UTC,In-Transit
1113416446,661126257,1210391351,1585313149,1069451396,1148881892,General,20.0,2024-06-26 00:00:00 UTC,2024-07-06 00:00:00 UTC,In-Transit
1385946233,1662239075,569149869,82598321,1069451396,1509019523,General,20.0,2024-06-26 00:00:00 UTC,2024-07-06 00:00:00 UTC,In-Transit
1823180149,224686989,2132909713,907768876,1509019523,1148881892,General,20.0,2024-06-26 00:00:00 UTC,2024-07-06 00:00:00 UTC,In-Transit
666179159,1258230698,432911306,67914100,1148881892,1069451396,General,20.0,2024-06-27 00:00:00 UTC,2024-07-07 00:00:00 UTC,In-Transit
651901405,224686989,2022528239,2100803825,1069451396,1148881892,General,20.0,2024-06-27 00:00:00 UTC,2024-07-07 00:00:00 UTC,In-Transit
1487742157,661126257,60651773,16966323,1069451396,1148881892,General,20.0,2024-06-28 00:00:00 UTC,2024-07-08 00:00:00 UTC,In-Transit
544099199,1722183516,1210391351,381806841,1069451396,1509019523,General,20.0,2024-06-28 00:00:00 UTC,2024-07-08 00:00:00 UTC,In-Transit
30618872,1662239075,1064332384,594488056,1509019523,1069451396,General,20.0,2024-06-29 00:00:00 UTC,2024-07-09 00:00:00 UTC,In-Transit
319823717,224686989,432911306,320764050,1148881892,1509019523,General,20.0,2024-06-29 00:00:00 UTC,2024-07-09 00:00:00 UTC,In-Transit
466816086,661126257,432911306,647360665,1148881892,1069451396,General,20.0,2024-06-30 00:00:00 UTC,2024-07-10 00:00:00 UTC,In-Transit
2112195921,1722183516,1064332384,49700223,1148881892,1069451396,General,20.0,2024-06-30 00:00:00 UTC,2024-07-10 00:00:00 UTC,In-Transit
2009991811,1258230698,432911306,1202142786,1069451396,1509019523,General,20.0,2024-06-30 00:00:00 UTC,2024-07-10 00:00:00 UTC,In-Transit
1153173561,661126257,1796382062,406944308,1069451396,1509019523,General,20.0,2024-07-01 00:00:00 UTC,2024-07-11 00:00:00 UTC,In-Transit
1038114166,1662239075,1210391351,324018506,1148881892,1509019523,General,20.0,2024-07-01 00:00:00 UTC,2024-07-11 00:00:00 UTC,In-Transit
1812338125,224686989,65597860,892406987,1509019523,1069451396,General,20.0,2024-07-01 00:00:00 UTC,2024-07-11 00:00:00 UTC,In-Transit
760691153,224686989,2022528239,20713830,1148881892,1509019523,General,20.0,2024-07-03 00:00:00 UTC,2024-07-13 00:00:00 UTC,In-Transit
883860600,224686989,1210391351,466461342,1069451396,1148881892,General,20.0,2024-07-04 00:00:00 UTC,2024-07-14 00:00:00 UTC,In-Transit
191079534,1662239075,65597860,1820418933,1148881892,1509019523,General,20.0,2024-07-05 00:00:00 UTC,2024-07-15 00:00:00 UTC,In-Transit
1214543634,1722183516,1796382062,70085294,1509019523,1069451396,General,20.0,2024-07-05 00:00:00 UTC,2024-07-15 00:00:00 UTC,In-Transit
1674653277,1258230698,432911306,770469702,1148881892,1509019523,General,20.0,2024-07-05 00:00:00 UTC,2024-07-15 00:00:00 UTC,In-Transit
1541909958,224686989,1796382062,260020395,1509019523,1148881892,General,20.0,2024-07-05 00:00:00 UTC,2024-07-15 00:00:00 UTC,In-Transit
605919369,1722183516,2132909713,92975292,1148881892,1509019523,General,20.0,2024-07-06 00:00:00 UTC,2024-07-16 00:00:00 UTC,In-Transit
1228305238,661126257,2022528239,431938984,1148881892,1069451396,General,20.0,2024-07-07 00:00:00 UTC,2024-07-17 00:00:00 UTC,In-Transit
1247655025,661126257,65597860,539083323,1148881892,1509019523,General,20.0,2024-07-08 00:00:00 UTC,2024-07-18 00:00:00 UTC,In-Transit
1779660519,1722183516,1430378783,1414232636,1509019523,1148881892,General,20.0,2024-07-08 00:00:00 UTC,2024-07-18 00:00:00 UTC,In-Transit
1913752758,1722183516,1210391351,1037819721,1509019523,1069451396,General,20.0,2024-07-09 00:00:00 UTC,2024-07-19 00:00:00 UTC,In-Transit
478340962,661126257,60651773,1284210440,1509019523,1148881892,General,20.0,2024-07-10 00:00:00 UTC,2024-07-20 00:00:00 UTC,In-Transit
1570321201,1722183516,1796382062,1017864003,1148881892,1509019523,General,20.0,2024-07-10 00:00:00 UTC,2024-07-20 00:00:00 UTC,In-Transit
1354310123,1662239075,1064332384,1834721339,1509019523,1069451396,General,20.0,2024-07-11 00:00:00 UTC,2024-07-21 00:00:00 UTC,In-Transit
1352075678,1722183516,65597860,1185960708,1148881892,1509019523,General,20.0,2024-07-11 00:00:00 UTC,2024-07-21 00:00:00 UTC,In-Transit
1419391101,1662239075,1430378783,1790266994,1509019523,1148881892,General,20.0,2024-07-12 00:00:00 UTC,2024-07-22 00:00:00 UTC,In-Transit
2004604534,1722183516,65597860,1499087627,1509019523,1148881892,General,20.0,2024-07-12 00:00:00 UTC,2024-07-22 00:00:00 UTC,In-Transit
1477342352,1258230698,432911306,725027407,1509019523,1148881892,General,20.0,2024-07-12 00:00:00 UTC,2024-07-22 00:00:00 UTC,In-Transit
1352964771,661126257,60651773,1341416882,1509019523,1069451396,General,20.0,2024-07-13 00:00:00 UTC,2024-07-23 00:00:00 UTC,In-Transit
231910275,1722183516,1796382062,1630995642,1069451396,1148881892,General,20.0,2024-07-13 00:00:00 UTC,2024-07-23 00:00:00 UTC,In-Transit
1741499118,1258230698,60651773,924550187,1148881892,1069451396,General,20.0,2024-07-13 00:00:00 UTC,2024-07-23 00:00:00 UTC,In-Transit
660427453,1722183516,1064332384,1647173715,1148881892,1509019523,General,20.0,2024-07-14 00:00:00 UTC,2024-07-24 00:00:00 UTC,In-Transit
879061837,661126257,65597860,1070250039,1069451396,1509019523,General,20.0,2024-07-15 00:00:00 UTC,2024-07-25 00:00:00 UTC,In-Transit
414565501,1722183516,2132909713,500325474,1069451396,1148881892,General,20.0,2024-07-15 00:00:00 UTC,2024-07-25 00:00:00 UTC,In-Transit
277632848,1662239075,432911306,592702369,1148881892,1069451396,General,20.0,2024-07-16 00:00:00 UTC,2024-07-26 00:00:00 UTC,In-Transit
1338629205,224686989,432911306,25045985,1509019523,1069451396,General,20.0,2024-07-16 00:00:00 UTC,2024-07-26 00:00:00 UTC,In-Transit
2046687824,661126257,1796382062,1239917661,1148881892,1069451396,General,20.0,2024-07-17 00:00:00 UTC,2024-07-27 00:00:00 UTC,In-Transit
1252874289,1722183516,2132909713,1089416209,1148881892,1509019523,General,20.0,2024-07-17 00:00:00 UTC,2024-07-27 00:00:00 UTC,In-Transit
396769030,224686989,432911306,2115737293,1148881892,1509019523,General,20.0,2024-07-18 00:00:00 UTC,2024-07-28 00:00:00 UTC,In-Transit
738612519,661126257,569149869,869013662,1509019523,1148881892,General,20.0,2024-07-19 00:00:00 UTC,2024-07-29 00:00:00 UTC,In-Transit
444818244,1258230698,1796382062,2147212488,1069451396,1509019523,General,20.0,2024-07-20 00:00:00 UTC,2024-07-30 00:00:00 UTC,In-Transit
153615196,224686989,1064332384,1798578006,1509019523,1069451396,General,20.0,2024-07-20 00:00:00 UTC,2024-07-30 00:00:00 UTC,In-Transit
1843296022,661126257,60651773,697543824,1509019523,1069451396,General,20.0,2024-07-21 00:00:00 UTC,2024-07-31 00:00:00 UTC,In-Transit
1171442252,1662239075,1430378783,1281004620,1148881892,1509019523,General,20.0,2024-07-21 00:00:00 UTC,2024-07-31 00:00:00 UTC,In-Transit
1608130912,1722183516,432911306,270199649,1509019523,1069451396,General,20.0,2024-07-21 00:00:00 UTC,2024-07-31 00:00:00 UTC,In-Transit
1944338520,1662239075,60651773,1571484986,1069451396,1148881892,General,20.0,2024-07-22 00:00:00 UTC,2024-08-01 00:00:00 UTC,In-Transit
400982193,224686989,1430378783,1634809932,1509019523,1148881892,General,20.0,2024-07-22 00:00:00 UTC,2024-08-01 00:00:00 UTC,In-Transit
2110745245,661126257,569149869,1846920211,1509019523,1148881892,General,20.0,2024-07-23 00:00:00 UTC,2024-08-02 00:00:00 UTC,In-Transit
2095967745,1722183516,2022528239,2073016946,1069451396,1509019523,General,20.0,2024-07-23 00:00:00 UTC,2024-08-02 00:00:00 UTC,In-Transit
47791223,661126257,60651773,16541838,1148881892,1509019523,General,20.0,2024-07-24 00:00:00 UTC,2024-08-03 00:00:00 UTC,In-Transit
1735027554,1722183516,1064332384,1490230704,1069451396,1148881892,General,20.0,2024-07-24 00:00:00 UTC,2024-08-03 00:00:00 UTC,In-Transit
1360399993,224686989,2022528239,1442448486,1509019523,1148881892,General,20.0,2024-07-25 00:00:00 UTC,2024-08-04 00:00:00 UTC,In-Transit
1365944310,1662239075,2022528239,1667041571,1509019523,1069451396,General,20.0,2024-07-26 00:00:00 UTC,2024-08-05 00:00:00 UTC,In-Transit
1763079004,1722183516,65597860,715815482,1148881892,1069451396,General,20.0,2024-07-26 00:00:00 UTC,2024-08-05 00:00:00 UTC,In-Transit
303201496,661126257,569149869,1618592066,1509019523,1069451396,General,20.0,2024-07-27 00:00:00 UTC,2024-08-06 00:00:00 UTC,In-Transit
580326214,224686989,65597860,1967801676,1148881892,1509019523,General,20.0,2024-07-27 00:00:00 UTC,2024-08-06 00:00:00 UTC,In-Transit
1904442477,1258230698,569149869,824029550,1509019523,1069451396,General,20.0,2024-07-28 00:00:00 UTC,2024-08-07 00:00:00 UTC,In-Transit
520800278,224686989,2132909713,1265523552,1069451396,1148881892,General,20.0,2024-07-28 00:00:00 UTC,2024-08-07 00:00:00 UTC,In-Transit
1746708384,224686989,2022528239,687121664,1069451396,1148881892,General,20.0,2024-07-29 00:00:00 UTC,2024-08-08 00:00:00 UTC,In-Transit
2095330423,1258230698,60651773,976380446,1509019523,1148881892,General,20.0,2024-07-30 00:00:00 UTC,2024-08-09 00:00:00 UTC,In-Transit
2094653149,224686989,1430378783,839671404,1509019523,1148881892,General,20.0,2024-07-30 00:00:00 UTC,2024-08-09 00:00:00 UTC,In-Transit
944190680,1258230698,60651773,568918831,1069451396,1509019523,General,20.0,2024-08-01 00:00:00 UTC,2024-08-11 00:00:00 UTC,In-Transit
102099620,661126257,432911306,1229251341,1069451396,1509019523,General,20.0,2024-08-02 00:00:00 UTC,2024-08-12 00:00:00 UTC,In-Transit
2100021441,1722183516,65597860,1233908307,1148881892,1069451396,General,20.0,2024-08-02 00:00:00 UTC,2024-08-12 00:00:00 UTC,In-Transit
133169402,224686989,65597860,1591119748,1069451396,1509019523,General,20.0,2024-08-03 00:00:00 UTC,2024-08-13 00:00:00 UTC,In-Transit
1970149186,1722183516,65597860,669042953,1148881892,1069451396,General,20.0,2024-08-04 00:00:00 UTC,2024-08-14 00:00:00 UTC,In-Transit
261398562,224686989,1796382062,908359517,1069451396,1509019523,General,20.0,2024-08-05 00:00:00 UTC,2024-08-15 00:00:00 UTC,In-Transit
1652131484,661126257,2132909713,1609344644,1069451396,1148881892,General,20.0,2024-08-06 00:00:00 UTC,2024-08-16 00:00:00 UTC,In-Transit
525067617,1662239075,65597860,367871597,1509019523,1069451396,General,20.0,2024-08-06 00:00:00 UTC,2024-08-16 00:00:00 UTC,In-Transit
1743340089,1722183516,432911306,1227337479,1509019523,1069451396,General,20.0,2024-08-06 00:00:00 UTC,2024-08-16 00:00:00 UTC,In-Transit
1671978763,661126257,1210391351,1047220818,1148881892,1069451396,General,20.0,2024-08-08 00:00:00 UTC,2024-08-18 00:00:00 UTC,In-Transit
1052876527,224686989,1430378783,1490960712,1069451396,1509019523,General,20.0,2024-08-08 00:00:00 UTC,2024-08-18 00:00:00 UTC,In-Transit
179249761,661126257,1064332384,2014154296,1069451396,1509019523,General,20.0,2024-08-09 00:00:00 UTC,2024-08-19 00:00:00 UTC,In-Transit
707918775,1722183516,65597860,637556963,1148881892,1509019523,General,20.0,2024-08-09 00:00:00 UTC,2024-08-19 00:00:00 UTC,In-Transit
149436927,224686989,1064332384,788940010,1509019523,1148881892,General,20.0,2024-08-09 00:00:00 UTC,2024-08-19 00:00:00 UTC,In-Transit
318592166,661126257,1064332384,350539698,1509019523,1069451396,General,20.0,2024-08-10 00:00:00 UTC,2024-08-20 00:00:00 UTC,In-Transit
199421959,1258230698,65597860,833478433,1509019523,1069451396,General,20.0,2024-08-10 00:00:00 UTC,2024-08-20 00:00:00 UTC,In-Transit
1684881079,1662239075,1210391351,1810031632,1148881892,1069451396,General,20.0,2024-08-11 00:00:00 UTC,2024-08-21 00:00:00 UTC,In-Transit
1421851720,224686989,2132909713,1728552378,1069451396,1509019523,General,20.0,2024-08-12 00:00:00 UTC,2024-08-22 00:00:00 UTC,In-Transit
887538413,1722183516,569149869,859004409,1069451396,1148881892,General,20.0,2024-08-13 00:00:00 UTC,2024-08-23 00:00:00 UTC,In-Transit
1256921274,224686989,1210391351,1262536953,1148881892,1509019523,General,20.0,2024-08-13 00:00:00 UTC,2024-08-23 00:00:00 UTC,In-Transit
1675018838,1662239075,65597860,578595585,1148881892,1509019523,General,20.0,2024-08-15 00:00:00 UTC,2024-08-25 00:00:00 UTC,In-Transit
1421967900,1258230698,60651773,580741606,1069451396,1148881892,General,20.0,2024-08-16 00:00:00 UTC,2024-08-26 00:00:00 UTC,In-Transit
271948357,224686989,1796382062,1716301233,1148881892,1509019523,General,20.0,2024-08-19 00:00:00 UTC,2024-08-29 00:00:00 UTC,In-Transit
1775919790,661126257,1210391351,1150978238,1148881892,1509019523,General,20.0,2024-08-20 00:00:00 UTC,2024-08-30 00:00:00 UTC,In-Transit
1132961820,1662239075,569149869,1480864156,1509019523,1069451396,General,20.0,2024-08-20 00:00:00 UTC,2024-08-30 00:00:00 UTC,In-Transit
1571190204,1722183516,2022528239,1373725140,1509019523,1069451396,General,20.0,2024-08-20 00:00:00 UTC,2024-08-30 00:00:00 UTC,In-Transit
1898656862,224686989,1430378783,1080311574,1069451396,1509019523,General,20.0,2024-08-20 00:00:00 UTC,2024-08-30 00:00:00 UTC,In-Transit
1223118160,1662239075,65597860,1464927316,1509019523,1069451396,General,20.0,2024-08-21 00:00:00 UTC,2024-08-31 00:00:00 UTC,In-Transit
365281172,1722183516,1430378783,555196761,1148881892,1069451396,General,20.0,2024-08-21 00:00:00 UTC,2024-08-31 00:00:00 UTC,In-Transit
332709151,661126257,60651773,1097583726,1069451396,1148881892,General,20.0,2024-08-22 00:00:00 UTC,2024-09-01 00:00:00 UTC,In-Transit
544318142,661126257,1064332384,54183197,1069451396,1509019523,General,20.0,2024-08-23 00:00:00 UTC,2024-09-02 00:00:00 UTC,In-Transit
114801038,1258230698,65597860,1234636714,1509019523,1148881892,General,20.0,2024-08-23 00:00:00 UTC,2024-09-02 00:00:00 UTC,In-Transit
519588365,224686989,65597860,395256599,1509019523,1148881892,General,20.0,2024-08-23 00:00:00 UTC,2024-09-02 00:00:00 UTC,In-Transit
1816505922,1722183516,2132909713,1938233629,1069451396,1509019523,General,20.0,2024-08-24 00:00:00 UTC,2024-09-03 00:00:00 UTC,In-Transit
1490699879,661126257,60651773,629815865,1148881892,1509019523,General,20.0,2024-08-26 00:00:00 UTC,2024-09-05 00:00:00 UTC,In-Transit
808342068,224686989,65597860,1806428216,1509019523,1148881892,General,20.0,2024-08-26 00:00:00 UTC,2024-09-05 00:00:00 UTC,In-Transit
297320136,661126257,569149869,709976836,1069451396,1148881892,General,20.0,2024-08-29 00:00:00 UTC,2024-09-08 00:00:00 UTC,In-Transit
539413218,1662239075,2022528239,675484168,1069451396,1509019523,General,20.0,2024-08-29 00:00:00 UTC,2024-09-08 00:00:00 UTC,In-Transit
70255894,1722183516,65597860,739101484,1069451396,1148881892,General,20.0,2024-08-30 00:00:00 UTC,2024-09-09 00:00:00 UTC,In-Transit
1784479285,224686989,60651773,680922229,1069451396,1148881892,General,20.0,2024-08-30 00:00:00 UTC,2024-09-09 00:00:00 UTC,In-Transit
1384961884,224686989,432911306,1552273001,1069451396,1509019523,General,20.0,2024-08-31 00:00:00 UTC,2024-09-10 00:00:00 UTC,In-Transit
1928227455,1722183516,65597860,2016218500,1069451396,1509019523,General,20.0,2024-09-01 00:00:00 UTC,2024-09-11 00:00:00 UTC,In-Transit
1193792169,1258230698,432911306,60707729,1148881892,1509019523,General,20.0,2024-09-01 00:00:00 UTC,2024-09-11 00:00:00 UTC,In-Transit
1945256401,224686989,1210391351,39076754,1069451396,1148881892,General,20.0,2024-09-01 00:00:00 UTC,2024-09-11 00:00:00 UTC,In-Transit
1788343070,1722183516,2132909713,1859673191,1069451396,1509019523,General,20.0,2024-09-02 00:00:00 UTC,2024-09-12 00:00:00 UTC,In-Transit
2113849882,1662239075,1430378783,922407848,1509019523,1069451396,General,20.0,2024-09-03 00:00:00 UTC,2024-09-13 00:00:00 UTC,In-Transit
1836120915,1662239075,65597860,1773934763,1509019523,1069451396,General,20.0,2024-09-04 00:00:00 UTC,2024-09-14 00:00:00 UTC,In-Transit
1023202077,224686989,2132909713,972670422,1069451396,1148881892,General,20.0,2024-09-05 00:00:00 UTC,2024-09-15 00:00:00 UTC,In-Transit
1004782391,661126257,2022528239,1667163128,1509019523,1069451396,General,20.0,2024-09-07 00:00:00 UTC,2024-09-17 00:00:00 UTC,In-Transit
1426618694,224686989,65597860,903157983,1148881892,1069451396,General,20.0,2024-09-07 00:00:00 UTC,2024-09-17 00:00:00 UTC,In-Transit
82030954,1722183516,65597860,1480905342,1069451396,1148881892,General,20.0,2024-09-08 00:00:00 UTC,2024-09-18 00:00:00 UTC,In-Transit
198259616,224686989,1210391351,1919199871,1509019523,1069451396,General,20.0,2024-09-09 00:00:00 UTC,2024-09-19 00:00:00 UTC,In-Transit
1365974418,1662239075,65597860,197309469,1148881892,1509019523,General,20.0,2024-09-10 00:00:00 UTC,2024-09-20 00:00:00 UTC,In-Transit
1057744221,1722183516,1210391351,546157727,1509019523,1148881892,General,20.0,2024-09-10 00:00:00 UTC,2024-09-20 00:00:00 UTC,In-Transit
1439427189,1662239075,2022528239,930653085,1069451396,1148881892,General,20.0,2024-09-11 00:00:00 UTC,2024-09-21 00:00:00 UTC,In-Transit
1924476324,224686989,1064332384,1036349730,1148881892,1069451396,General,20.0,2024-09-11 00:00:00 UTC,2024-09-21 00:00:00 UTC,In-Transit
528433768,1258230698,1796382062,668668310,1069451396,1148881892,General,20.0,2024-09-12 00:00:00 UTC,2024-09-22 00:00:00 UTC,In-Transit
1772339755,1258230698,1064332384,570990431,1148881892,1069451396,General,20.0,2024-09-13 00:00:00 UTC,2024-09-23 00:00:00 UTC,In-Transit
1838322431,1662239075,1430378783,1001400383,1069451396,1148881892,General,20.0,2024-09-14 00:00:00 UTC,2024-09-24 00:00:00 UTC,In-Transit
937924031,224686989,1430378783,2080412281,1509019523,1069451396,General,20.0,2024-09-14 00:00:00 UTC,2024-09-24 00:00:00 UTC,In-Transit
1262017335,1662239075,60651773,777469839,1148881892,1509019523,General,20.0,2024-09-15 00:00:00 UTC,2024-09-25 00:00:00 UTC,In-Transit
613607327,1722183516,1796382062,792705059,1148881892,1509019523,General,20.0,2024-09-16 00:00:00 UTC,2024-09-26 00:00:00 UTC,In-Transit
51194299,1258230698,2022528239,1952374028,1509019523,1069451396,General,20.0,2024-09-16 00:00:00 UTC,2024-09-26 00:00:00 UTC,In-Transit
56754451,661126257,1796382062,1119977467,1069451396,1148881892,General,20.0,2024-09-17 00:00:00 UTC,2024-09-27 00:00:00 UTC,In-Transit
1202728656,1258230698,2132909713,559309016,1509019523,1069451396,General,20.0,2024-09-17 00:00:00 UTC,2024-09-27 00:00:00 UTC,In-Transit
778259827,224686989,2132909713,2055345806,1069451396,1509019523,General,20.0,2024-09-17 00:00:00 UTC,2024-09-27 00:00:00 UTC,In-Transit
635854704,1258230698,1796382062,1429955680,1148881892,1069451396,General,20.0,2024-09-20 00:00:00 UTC,2024-09-30 00:00:00 UTC,In-Transit
1288298502,661126257,60651773,1046260356,1509019523,1148881892,General,20.0,2024-09-21 00:00:00 UTC,2024-10-01 00:00:00 UTC,In-Transit
2141418261,1662239075,569149869,107906109,1509019523,1148881892,General,20.0,2024-09-21 00:00:00 UTC,2024-10-01 00:00:00 UTC,In-Transit
867286627,224686989,432911306,968222286,1509019523,1069451396,General,20.0,2024-09-21 00:00:00 UTC,2024-10-01 00:00:00 UTC,In-Transit
528334364,661126257,2132909713,610315298,1069451396,1148881892,General,20.0,2024-09-22 00:00:00 UTC,2024-10-02 00:00:00 UTC,In-Transit
75466689,1722183516,1796382062,1152147503,1148881892,1509019523,General,20.0,2024-09-23 00:00:00 UTC,2024-10-03 00:00:00 UTC,In-Transit
1354079634,224686989,65597860,1033920733,1148881892,1509019523,General,20.0,2024-09-23 00:00:00 UTC,2024-10-03 00:00:00 UTC,In-Transit
1040063025,661126257,2132909713,102705845,1148881892,1509019523,General,20.0,2024-09-24 00:00:00 UTC,2024-10-04 00:00:00 UTC,In-Transit
1838798202,1662239075,1796382062,1289409140,1509019523,1148881892,General,20.0,2024-09-24 00:00:00 UTC,2024-10-04 00:00:00 UTC,In-Transit
751072320,1258230698,432911306,574462140,1069451396,1509019523,General,20.0,2024-09-24 00:00:00 UTC,2024-10-04 00:00:00 UTC,In-Transit
1245751266,224686989,569149869,888337817,1509019523,1148881892,General,20.0,2024-09-25 00:00:00 UTC,2024-10-05 00:00:00 UTC,In-Transit
859669948,1662239075,60651773,2143754496,1509019523,1069451396,General,20.0,2024-09-26 00:00:00 UTC,2024-10-06 00:00:00 UTC,In-Transit
283065747,1258230698,569149869,2062680536,1069451396,1148881892,General,20.0,2024-09-26 00:00:00 UTC,2024-10-06 00:00:00 UTC,In-Transit
1530456051,661126257,1796382062,562554063,1069451396,1148881892,General,20.0,2024-09-27 00:00:00 UTC,2024-10-07 00:00:00 UTC,In-Transit
1331450743,661126257,60651773,315580022,1509019523,1148881892,General,20.0,2024-09-29 00:00:00 UTC,2024-10-09 00:00:00 UTC,In-Transit
2091075340,224686989,60651773,1087939830,1069451396,1509019523,General,20.0,2024-09-29 00:00:00 UTC,2024-10-09 00:00:00 UTC,In-Transit
1761228173,661126257,1210391351,473325577,1148881892,1069451396,General,20.0,2024-09-30 00:00:00 UTC,2024-10-10 00:00:00 UTC,In-Transit
1864933511,224686989,1796382062,9015093,1069451396,1148881892,General,20.0,2024-09-30 00:00:00 UTC,2024-10-10 00:00:00 UTC,In-Transit
1767301991,661126257,1064332384,815264598,1069451396,1148881892,General,20.0,2024-10-01 00:00:00 UTC,2024-10-11 00:00:00 UTC,In-Transit
1465295945,1258230698,1064332384,162957074,1069451396,1148881892,General,20.0,2024-10-01 00:00:00 UTC,2024-10-11 00:00:00 UTC,In-Transit
654999664,224686989,2132909713,1562139432,1509019523,1148881892,General,20.0,2024-10-01 00:00:00 UTC,2024-10-11 00:00:00 UTC,In-Transit
1811213138,1662239075,569149869,1010028042,1069451396,1148881892,General,20.0,2024-10-02 00:00:00 UTC,2024-10-12 00:00:00 UTC,In-Transit
1308695918,1258230698,2132909713,1431428035,1148881892,1069451396,General,20.0,2024-10-02 00:00:00 UTC,2024-10-12 00:00:00 UTC,In-Transit
1437627920,661126257,2132909713,172392929,1148881892,1069451396,General,20.0,2024-10-03 00:00:00 UTC,2024-10-13 00:00:00 UTC,In-Transit
976713706,661126257,1064332384,1685800147,1069451396,1509019523,General,20.0,2024-10-04 00:00:00 UTC,2024-10-14 00:00:00 UTC,In-Transit
164715267,1722183516,569149869,1812174251,1509019523,1069451396,General,20.0,2024-10-04 00:00:00 UTC,2024-10-14 00:00:00 UTC,In-Transit
1384898666,1258230698,1430378783,1233909800,1509019523,1069451396,General,20.0,2024-10-04 00:00:00 UTC,2024-10-14 00:00:00 UTC,In-Transit
1195885843,1258230698,1210391351,1470125104,1069451396,1148881892,General,20.0,2024-10-05 00:00:00 UTC,2024-10-15 00:00:00 UTC,In-Transit
1612442083,224686989,1430378783,23152314,1069451396,1148881892,General,20.0,2024-10-05 00:00:00 UTC,2024-10-15 00:00:00 UTC,In-Transit
949764115,1722183516,65597860,342576986,1509019523,1148881892,General,20.0,2024-10-06 00:00:00 UTC,2024-10-16 00:00:00 UTC,In-Transit
1177405957,1258230698,2022528239,98804870,1069451396,1148881892,General,20.0,2024-10-06 00:00:00 UTC,2024-10-16 00:00:00 UTC,In-Transit
117347210,661126257,1064332384,1121865772,1069451396,1148881892,General,20.0,2024-10-07 00:00:00 UTC,2024-10-17 00:00:00 UTC,In-Transit
79340423,1722183516,1796382062,1904534279,1069451396,1509019523,General,20.0,2024-10-07 00:00:00 UTC,2024-10-17 00:00:00 UTC,In-Transit
2009819079,224686989,1430378783,875115996,1148881892,1069451396,General,20.0,2024-10-08 00:00:00 UTC,2024-10-18 00:00:00 UTC,In-Transit
1607323913,224686989,1430378783,2111935515,1509019523,1148881892,General,20.0,2024-10-09 00:00:00 UTC,2024-10-19 00:00:00 UTC,In-Transit
1547346507,1662239075,569149869,617358773,1069451396,1148881892,General,20.0,2024-10-10 00:00:00 UTC,2024-10-20 00:00:00 UTC,In-Transit
1399681209,1722183516,2132909713,1044664005,1148881892,1509019523,General,20.0,2024-10-10 00:00:00 UTC,2024-10-20 00:00:00 UTC,In-Transit
1448410890,224686989,60651773,1007464745,1509019523,1069451396,General,20.0,2024-10-10 00:00:00 UTC,2024-10-20 00:00:00 UTC,In-Transit
956565200,661126257,1796382062,259259368,1069451396,1509019523,General,20.0,2024-10-11 00:00:00 UTC,2024-10-21 00:00:00 UTC,In-Transit
1191274099,1722183516,1210391351,336286527,1509019523,1069451396,General,20.0,2024-10-11 00:00:00 UTC,2024-10-21 00:00:00 UTC,In-Transit
1276321920,1662239075,1430378783,1267739385,1509019523,1069451396,General,20.0,2024-10-12 00:00:00 UTC,2024-10-22 00:00:00 UTC,In-Transit
144541368,1722183516,65597860,1565515093,1148881892,1069451396,General,20.0,2024-10-12 00:00:00 UTC,2024-10-22 00:00:00 UTC,In-Transit
1042885708,224686989,2132909713,1243542763,1069451396,1148881892,General,20.0,2024-10-12 00:00:00 UTC,2024-10-22 00:00:00 UTC,In-Transit
1853914735,224686989,432911306,1830913095,1509019523,1069451396,General,20.0,2024-10-13 00:00:00 UTC,2024-10-23 00:00:00 UTC,In-Transit
1286207671,1722183516,1064332384,928739297,1069451396,1148881892,General,20.0,2024-10-14 00:00:00 UTC,2024-10-24 00:00:00 UTC,In-Transit
1177965659,1258230698,432911306,2147165730,1069451396,1148881892,General,20.0,2024-10-15 00:00:00 UTC,2024-10-25 00:00:00 UTC,In-Transit
1972175223,661126257,65597860,88907406,1069451396,1148881892,General,20.0,2024-10-16 00:00:00 UTC,2024-10-26 00:00:00 UTC,In-Transit
1425029524,1722183516,65597860,298325356,1509019523,1069451396,General,20.0,2024-10-16 00:00:00 UTC,2024-10-26 00:00:00 UTC,In-Transit
1775372472,1258230698,1064332384,677791031,1509019523,1069451396,General,20.0,2024-10-16 00:00:00 UTC,2024-10-26 00:00:00 UTC,In-Transit
1369839288,224686989,1210391351,1432015015,1069451396,1509019523,General,20.0,2024-10-16 00:00:00 UTC,2024-10-26 00:00:00 UTC,In-Transit
1096542435,1662239075,2022528239,888306365,1148881892,1509019523,General,20.0,2024-10-17 00:00:00 UTC,2024-10-27 00:00:00 UTC,In-Transit
1582093828,1258230698,2022528239,1325998165,1148881892,1509019523,General,20.0,2024-10-17 00:00:00 UTC,2024-10-27 00:00:00 UTC,In-Transit
2124531129,1722183516,1064332384,1863676316,1148881892,1509019523,General,20.0,2024-10-18 00:00:00 UTC,2024-10-28 00:00:00 UTC,In-Transit
369832943,224686989,569149869,363248368,1148881892,1509019523,General,20.0,2024-10-18 00:00:00 UTC,2024-10-28 00:00:00 UTC,In-Transit
340764217,1722183516,2132909713,959242990,1509019523,1069451396,General,20.0,2024-10-19 00:00:00 UTC,2024-10-29 00:00:00 UTC,In-Transit
145434008,661126257,432911306,1997192148,1148881892,1509019523,General,20.0,2024-10-20 00:00:00 UTC,2024-10-30 00:00:00 UTC,In-Transit
1735702238,1258230698,1430378783,1386757126,1148881892,1509019523,General,20.0,2024-10-20 00:00:00 UTC,2024-10-30 00:00:00 UTC,In-Transit
33930540,661126257,60651773,1836320621,1069451396,1509019523,General,20.0,2024-10-21 00:00:00 UTC,2024-10-31 00:00:00 UTC,In-Transit
1425046153,1662239075,432911306,1924955773,1148881892,1069451396,General,20.0,2024-10-21 00:00:00 UTC,2024-10-31 00:00:00 UTC,In-Transit
1289891518,1722183516,65597860,875847894,1069451396,1509019523,General,20.0,2024-10-22 00:00:00 UTC,2024-11-01 00:00:00 UTC,In-Transit
527867833,1662239075,569149869,512244117,1148881892,1069451396,General,20.0,2024-10-24 00:00:00 UTC,2024-11-03 00:00:00 UTC,In-Transit
747769714,1722183516,2022528239,2102706098,1509019523,1148881892,General,20.0,2024-10-24 00:00:00 UTC,2024-11-03 00:00:00 UTC,In-Transit
100082636,1258230698,569149869,361949493,1069451396,1148881892,General,20.0,2024-10-24 00:00:00 UTC,2024-11-03 00:00:00 UTC,In-Transit
1786645176,661126257,1430378783,1862101561,1069451396,1148881892,General,20.0,2024-10-25 00:00:00 UTC,2024-11-04 00:00:00 UTC,In-Transit
1682900398,661126257,60651773,678931197,1148881892,1509019523,General,20.0,2024-10-27 00:00:00 UTC,2024-11-06 00:00:00 UTC,In-Transit
679485964,1662239075,2132909713,171527292,1069451396,1509019523,General,20.0,2024-10-27 00:00:00 UTC,2024-11-06 00:00:00 UTC,In-Transit
1540763658,1722183516,1430378783,1042140986,1069451396,1509019523,General,20.0,2024-10-28 00:00:00 UTC,2024-11-07 00:00:00 UTC,In-Transit
433847527,1722183516,1430378783,697105922,1509019523,1069451396,General,20.0,2024-10-29 00:00:00 UTC,2024-11-08 00:00:00 UTC,In-Transit
539848977,661126257,1210391351,1406643392,1069451396,1148881892,General,20.0,2024-10-30 00:00:00 UTC,2024-11-09 00:00:00 UTC,In-Transit
602469519,661126257,432911306,820596222,1069451396,1509019523,General,20.0,2024-10-31 00:00:00 UTC,2024-11-10 00:00:00 UTC,In-Transit
56601485,661126257,1064332384,1932604396,1148881892,1509019523,General,20.0,2024-11-01 00:00:00 UTC,2024-11-11 00:00:00 UTC,In-Transit
501675712,1662239075,2132909713,1642892006,1069451396,1148881892,General,20.0,2024-11-01 00:00:00 UTC,2024-11-11 00:00:00 UTC,In-Transit
1726096462,224686989,432911306,142669553,1148881892,1509019523,General,20.0,2024-11-01 00:00:00 UTC,2024-11-11 00:00:00 UTC,In-Transit
1333546543,661126257,1064332384,295180732,1148881892,1509019523,General,20.0,2024-11-02 00:00:00 UTC,2024-11-12 00:00:00 UTC,In-Transit
2034007369,1722183516,65597860,400808387,1148881892,1509019523,General,20.0,2024-11-02 00:00:00 UTC,2024-11-12 00:00:00 UTC,In-Transit
1664465594,224686989,2132909713,1600843229,1509019523,1148881892,General,20.0,2024-11-02 00:00:00 UTC,2024-11-12 00:00:00 UTC,In-Transit
2071979638,1662239075,2022528239,1657240544,1509019523,1148881892,General,20.0,2024-11-04 00:00:00 UTC,2024-11-14 00:00:00 UTC,In-Transit
2086767727,1722183516,1430378783,230950720,1509019523,1069451396,General,20.0,2024-11-04 00:00:00 UTC,2024-11-14 00:00:00 UTC,In-Transit
509035520,1258230698,65597860,176460380,1509019523,1069451396,General,20.0,2024-11-04 00:00:00 UTC,2024-11-14 00:00:00 UTC,In-Transit
1529797993,1662239075,1064332384,633710620,1069451396,1148881892,General,20.0,2024-11-07 00:00:00 UTC,2024-11-17 00:00:00 UTC,In-Transit
1225882989,224686989,1064332384,1087045074,1509019523,1148881892,General,20.0,2024-11-07 00:00:00 UTC,2024-11-17 00:00:00 UTC,In-Transit
1455019492,1722183516,1210391351,611660161,1509019523,1069451396,General,20.0,2024-11-08 00:00:00 UTC,2024-11-18 00:00:00 UTC,In-Transit
243154889,661126257,1064332384,1457459054,1509019523,1069451396,General,20.0,2024-11-09 00:00:00 UTC,2024-11-19 00:00:00 UTC,In-Transit
2011171212,1722183516,2022528239,1653590815,1069451396,1148881892,General,20.0,2024-11-09 00:00:00 UTC,2024-11-19 00:00:00 UTC,In-Transit
1864254730,1722183516,569149869,674731035,1148881892,1509019523,General,20.0,2024-11-10 00:00:00 UTC,2024-11-20 00:00:00 UTC,In-Transit
1597467302,661126257,1430378783,853574449,1509019523,1148881892,General,20.0,2024-11-12 00:00:00 UTC,2024-11-22 00:00:00 UTC,In-Transit
1395424561,1722183516,2132909713,1440039165,1509019523,1148881892,General,20.0,2024-11-12 00:00:00 UTC,2024-11-22 00:00:00 UTC,In-Transit
1226853097,1258230698,1064332384,1756286259,1148881892,1069451396,General,20.0,2024-11-13 00:00:00 UTC,2024-11-23 00:00:00 UTC,In-Transit
415557992,1722183516,65597860,1402488067,1509019523,1148881892,General,20.0,2024-11-14 00:00:00 UTC,2024-11-24 00:00:00 UTC,In-Transit
237115782,1258230698,1430378783,1353269206,1509019523,1148881892,General,20.0,2024-11-14 00:00:00 UTC,2024-11-24 00:00:00 UTC,In-Transit
723744938,1722183516,2132909713,785618411,1509019523,1069451396,General,20.0,2024-11-15 00:00:00 UTC,2024-11-25 00:00:00 UTC,In-Transit
1325698708,661126257,432911306,1322791731,1069451396,1509019523,General,20.0,2024-11-16 00:00:00 UTC,2024-11-26 00:00:00 UTC,In-Transit
296286827,224686989,1064332384,713999952,1069451396,1509019523,General,20.0,2024-11-18 00:00:00 UTC,2024-11-28 00:00:00 UTC,In-Transit
1858410644,1662239075,569149869,7905132,1069451396,1148881892,General,20.0,2024-11-19 00:00:00 UTC,2024-11-29 00:00:00 UTC,In-Transit
1835737935,1722183516,65597860,674550592,1509019523,1069451396,General,20.0,2024-11-20 00:00:00 UTC,2024-11-30 00:00:00 UTC,In-Transit
1560418125,661126257,1430378783,776793193,1509019523,1069451396,General,20.0,2024-11-21 00:00:00 UTC,2024-12-01 00:00:00 UTC,In-Transit
654022185,1662239075,1210391351,523101676,1069451396,1148881892,General,20.0,2024-11-22 00:00:00 UTC,2024-12-02 00:00:00 UTC,In-Transit
1852420574,1258230698,569149869,1222379782,1148881892,1509019523,General,20.0,2024-11-22 00:00:00 UTC,2024-12-02 00:00:00 UTC,In-Transit
1241849411,224686989,1210391351,21041225,1509019523,1069451396,General,20.0,2024-11-23 00:00:00 UTC,2024-12-03 00:00:00 UTC,In-Transit
1137953679,1722183516,2132909713,1293334625,1069451396,1148881892,General,20.0,2024-11-24 00:00:00 UTC,2024-12-04 00:00:00 UTC,In-Transit
299910433,661126257,1796382062,940656215,1509019523,1069451396,General,20.0,2024-11-25 00:00:00 UTC,2024-12-05 00:00:00 UTC,In-Transit
873034579,1258230698,2132909713,731162980,1148881892,1069451396,General,20.0,2024-11-25 00:00:00 UTC,2024-12-05 00:00:00 UTC,In-Transit
191087200,224686989,569149869,741524217,1509019523,1069451396,General,20.0,2024-11-25 00:00:00 UTC,2024-12-05 00:00:00 UTC,In-Transit
785544156,1258230698,60651773,199852734,1148881892,1509019523,General,20.0,2024-11-26 00:00:00 UTC,2024-12-06 00:00:00 UTC,In-Transit
1179391837,1662239075,1430378783,235435624,1069451396,1148881892,General,20.0,2024-11-27 00:00:00 UTC,2024-12-07 00:00:00 UTC,In-Transit
896420487,224686989,2022528239,797809735,1069451396,1148881892,General,20.0,2024-11-27 00:00:00 UTC,2024-12-07 00:00:00 UTC,In-Transit
912611262,1258230698,2022528239,76989956,1148881892,1509019523,General,20.0,2024-11-28 00:00:00 UTC,2024-12-08 00:00:00 UTC,In-Transit
1079616680,224686989,60651773,1253626766,1509019523,1069451396,General,20.0,2024-12-01 00:00:00 UTC,2024-12-11 00:00:00 UTC,In-Transit
1678480251,1722183516,2022528239,1475486590,1069451396,1509019523,General,20.0,2024-12-02 00:00:00 UTC,2024-12-12 00:00:00 UTC,In-Transit
399126633,1258230698,1064332384,853979262,1148881892,1069451396,General,20.0,2024-12-02 00:00:00 UTC,2024-12-12 00:00:00 UTC,In-Transit
776034789,661126257,432911306,1126593127,1509019523,1148881892,General,20.0,2024-12-03 00:00:00 UTC,2024-12-13 00:00:00 UTC,In-Transit
552296930,1662239075,1210391351,1185027534,1069451396,1509019523,General,20.0,2024-12-03 00:00:00 UTC,2024-12-13 00:00:00 UTC,In-Transit
929303848,1258230698,1796382062,61779425,1509019523,1148881892,General,20.0,2024-12-03 00:00:00 UTC,2024-12-13 00:00:00 UTC,In-Transit
1011450114,224686989,1064332384,678264755,1069451396,1509019523,General,20.0,2024-12-03 00:00:00 UTC,2024-12-13 00:00:00 UTC,In-Transit
766244907,1662239075,432911306,656069767,1148881892,1069451396,General,20.0,2024-12-04 00:00:00 UTC,2024-12-14 00:00:00 UTC,In-Transit
47918002,1258230698,60651773,270507087,1509019523,1148881892,General,20.0,2024-12-04 00:00:00 UTC,2024-12-14 00:00:00 UTC,In-Transit
1815658776,224686989,569149869,1152600759,1069451396,1148881892,General,20.0,2024-12-06 00:00:00 UTC,2024-12-16 00:00:00 UTC,In-Transit
1025788526,224686989,1430378783,1997024149,1069451396,1148881892,General,20.0,2024-12-07 00:00:00 UTC,2024-12-17 00:00:00 UTC,In-Transit
240476839,661126257,1430378783,1056909335,1509019523,1148881892,General,20.0,2024-12-08 00:00:00 UTC,2024-12-18 00:00:00 UTC,In-Transit
1127378246,1662239075,1210391351,1830367626,1148881892,1069451396,General,20.0,2024-12-08 00:00:00 UTC,2024-12-18 00:00:00 UTC,In-Transit
813306107,1258230698,1064332384,1103796547,1069451396,1509019523,General,20.0,2024-12-08 00:00:00 UTC,2024-12-18 00:00:00 UTC,In-Transit
1200987492,224686989,1064332384,327706322,1148881892,1069451396,General,20.0,2024-12-08 00:00:00 UTC,2024-12-18 00:00:00 UTC,In-Transit
755842159,224686989,569149869,721963660,1069451396,1509019523,General,20.0,2024-12-09 00:00:00 UTC,2024-12-19 00:00:00 UTC,In-Transit
2090993370,1662239075,1210391351,2046493401,1069451396,1509019523,General,20.0,2024-12-10 00:00:00 UTC,2024-12-20 00:00:00 UTC,In-Transit
453464294,1722183516,432911306,1640860537,1148881892,1509019523,General,20.0,2024-12-10 00:00:00 UTC,2024-12-20 00:00:00 UTC,In-Transit
1599304694,1662239075,432911306,1538286307,1148881892,1069451396,General,20.0,2024-12-11 00:00:00 UTC,2024-12-21 00:00:00 UTC,In-Transit
314839559,1662239075,1796382062,1900013096,1069451396,1509019523,General,20.0,2024-12-13 00:00:00 UTC,2024-12-23 00:00:00 UTC,In-Transit
1704399934,1662239075,60651773,793237037,1509019523,1069451396,General,20.0,2024-12-14 00:00:00 UTC,2024-12-24 00:00:00 UTC,In-Transit
21777630,1722183516,1796382062,1118315929,1069451396,1148881892,General,20.0,2024-12-14 00:00:00 UTC,2024-12-24 00:00:00 UTC,In-Transit
451847699,224686989,1210391351,582744620,1509019523,1069451396,General,20.0,2024-12-16 00:00:00 UTC,2024-12-26 00:00:00 UTC,In-Transit
801242771,1662239075,2132909713,253564909,1509019523,1069451396,General,20.0,2024-12-17 00:00:00 UTC,2024-12-27 00:00:00 UTC,In-Transit
1009537983,661126257,60651773,444885239,1069451396,1148881892,General,20.0,2024-12-18 00:00:00 UTC,2024-12-28 00:00:00 UTC,In-Transit
1846459064,1662239075,2022528239,895182589,1069451396,1509019523,General,20.0,2024-12-18 00:00:00 UTC,2024-12-28 00:00:00 UTC,In-Transit
1575403555,661126257,1064332384,1714543329,1069451396,1148881892,General,20.0,2024-12-19 00:00:00 UTC,2024-12-29 00:00:00 UTC,In-Transit
82215204,661126257,432911306,531985627,1148881892,1509019523,General,20.0,2024-12-20 00:00:00 UTC,2024-12-30 00:00:00 UTC,In-Transit
1027147680,1662239075,2022528239,1983265068,1069451396,1148881892,General,20.0,2024-12-20 00:00:00 UTC,2024-12-30 00:00:00 UTC,In-Transit
1187532457,1722183516,432911306,799185948,1069451396,1509019523,General,20.0,2024-12-20 00:00:00 UTC,2024-12-30 00:00:00 UTC,In-Transit
297637718,1258230698,569149869,2084050677,1148881892,1069451396,General,20.0,2024-12-20 00:00:00 UTC,2024-12-30 00:00:00 UTC,In-Transit
289313982,1662239075,2132909713,1107482207,1069451396,1509019523,General,20.0,2024-12-21 00:00:00 UTC,2024-12-31 00:00:00 UTC,In-Transit
1010024680,1722183516,432911306,603748111,1148881892,1509019523,General,20.0,2024-12-21 00:00:00 UTC,2024-12-31 00:00:00 UTC,In-Transit
332972820,224686989,2022528239,1539588766,1509019523,1148881892,General,20.0,2024-12-21 00:00:00 UTC,2024-12-31 00:00:00 UTC,In-Transit
1792744598,661126257,60651773,985671559,1148881892,1069451396,General,20.0,2024-12-22 00:00:00 UTC,2025-01-01 00:00:00 UTC,In-Transit
1099125569,661126257,569149869,484751900,1069451396,1509019523,General,20.0,2024-12-23 00:00:00 UTC,2025-01-02 00:00:00 UTC,In-Transit
1273761169,1662239075,2022528239,364194398,1509019523,1148881892,General,20.0,2024-12-23 00:00:00 UTC,2025-01-02 00:00:00 UTC,In-Transit
1207851889,661126257,60651773,2075226531,1148881892,1069451396,General,20.0,2024-12-24 00:00:00 UTC,2025-01-03 00:00:00 UTC,In-Transit
758131524,1662239075,1210391351,2022191979,1069451396,1148881892,General,20.0,2024-12-25 00:00:00 UTC,2025-01-04 00:00:00 UTC,In-Transit
1525048716,1722183516,1796382062,953353867,1509019523,1069451396,General,20.0,2024-12-25 00:00:00 UTC,2025-01-04 00:00:00 UTC,In-Transit
649241898,1662239075,2022528239,1920292233,1509019523,1148881892,General,20.0,2024-12-26 00:00:00 UTC,2025-01-05 00:00:00 UTC,In-Transit
958176902,1258230698,1210391351,789971699,1148881892,1069451396,General,20.0,2024-12-26 00:00:00 UTC,2025-01-05 00:00:00 UTC,In-Transit
1704600518,224686989,65597860,1081574775,1069451396,1148881892,General,20.0,2024-12-26 00:00:00 UTC,2025-01-05 00:00:00 UTC,In-Transit
1684147918,1662239075,2132909713,1012500069,1509019523,1069451396,General,20.0,2024-12-27 00:00:00 UTC,2025-01-06 00:00:00 UTC,In-Transit
1021220132,1258230698,1796382062,96743011,1509019523,1148881892,General,20.0,2024-12-27 00:00:00 UTC,2025-01-06 00:00:00 UTC,In-Transit
1299333065,1662239075,60651773,1686705381,1148881892,1069451396,General,20.0,2024-12-28 00:00:00 UTC,2025-01-07 00:00:00 UTC,In-Transit
114463409,1258230698,1064332384,1882864554,1069451396,1509019523,General,20.0,2024-12-28 00:00:00 UTC,2025-01-07 00:00:00 UTC,In-Transit
1493503335,1722183516,1796382062,2073372014,1069451396,1509019523,General,20.0,2024-12-29 00:00:00 UTC,2025-01-08 00:00:00 UTC,In-Transit
780062161,1722183516,60651773,1032907004,1148881892,1069451396,General,20.0,2024-12-30 00:00:00 UTC,2025-01-09 00:00:00 UTC,In-Transit
1534191671,224686989,432911306,1796466764,1509019523,1148881892,General,20.0,2025-01-01 00:00:00 UTC,2025-01-11 00:00:00 UTC,In-Transit
1788539384,1258230698,2022528239,650451281,1069451396,1509019523,General,20.0,2025-01-02 00:00:00 UTC,2025-01-12 00:00:00 UTC,In-Transit
2038642742,661126257,1430378783,2054547917,1509019523,1148881892,General,20.0,2025-01-03 00:00:00 UTC,2025-01-13 00:00:00 UTC,In-Transit
574421898,1662239075,1210391351,394021620,1148881892,1069451396,General,20.0,2025-01-03 00:00:00 UTC,2025-01-13 00:00:00 UTC,In-Transit
1544895728,1722183516,1796382062,272441668,1148881892,1509019523,General,20.0,2025-01-03 00:00:00 UTC,2025-01-13 00:00:00 UTC,In-Transit
2086132483,1722183516,1430378783,1933639427,1148881892,1509019523,General,20.0,2025-01-04 00:00:00 UTC,2025-01-14 00:00:00 UTC,In-Transit
2083593790,1662239075,60651773,1007846608,1148881892,1069451396,General,20.0,2025-01-05 00:00:00 UTC,2025-01-15 00:00:00 UTC,In-Transit
1943248625,1722183516,60651773,999187363,1509019523,1069451396,General,20.0,2025-01-05 00:00:00 UTC,2025-01-15 00:00:00 UTC,In-Transit
900059169,1258230698,60651773,1298693311,1148881892,1509019523,General,20.0,2025-01-05 00:00:00 UTC,2025-01-15 00:00:00 UTC,In-Transit
1275178403,661126257,1210391351,2051405976,1509019523,1069451396,General,20.0,2025-01-06 00:00:00 UTC,2025-01-16 00:00:00 UTC,In-Transit
645669814,1258230698,60651773,98515259,1069451396,1148881892,General,20.0,2025-01-06 00:00:00 UTC,2025-01-16 00:00:00 UTC,In-Transit
608342141,1662239075,2132909713,845578987,1148881892,1069451396,General,20.0,2025-01-07 00:00:00 UTC,2025-01-17 00:00:00 UTC,In-Transit
2075138082,1258230698,1064332384,1518643255,1148881892,1069451396,General,20.0,2025-01-07 00:00:00 UTC,2025-01-17 00:00:00 UTC,In-Transit
2007340419,224686989,2022528239,1728227294,1509019523,1148881892,General,20.0,2025-01-07 00:00:00 UTC,2025-01-17 00:00:00 UTC,In-Transit
1330306877,1258230698,569149869,1718860374,1509019523,1148881892,General,20.0,2025-01-08 00:00:00 UTC,2025-01-18 00:00:00 UTC,In-Transit
197157972,1722183516,1064332384,1805277728,1148881892,1069451396,General,20.0,2025-01-10 00:00:00 UTC,2025-01-20 00:00:00 UTC,In-Transit
2054818297,1258230698,2022528239,1250057482,1509019523,1148881892,General,20.0,2025-01-10 00:00:00 UTC,2025-01-20 00:00:00 UTC,In-Transit
