 ID, Facility ID, Department ID, Purchase Order ID, Name, Type, Status, Purchase Date, Last Maintenance At, Next Maintenance At, Warranty End
1719672841,228928367,1971020269,794488155,Medical Diagnostic Unit 1719672841,Diagnostic,Maintenance,2024-02-11 00:57:37.488974 UTC,2024-12-01 05:27:59.488976 UTC,2025-04-17 23:51:52.488977 UTC,2025-05-06 03:03:40.48898 UTC
168226359,228928367,1971020269,1901117773,Medical Diagnostic Unit 168226359,Diagnostic,Active,2023-05-29 02:08:53.489207 UTC,2024-11-14 14:48:04.489208 UTC,2025-04-15 15:34:06.48921 UTC,2025-10-10 16:57:41.489211 UTC
1174749238,228928367,1971020269,1338395860,Medical Treatment Unit 1174749238,Treatment,Active,2023-11-10 23:14:26.489362 UTC,2025-01-06 15:05:42.489364 UTC,2025-01-30 12:54:37.489366 UTC,2025-10-30 12:40:41.489367 UTC
232898684,228928367,1971020269,846536133,Medical Monitoring Unit 232898684,Monitoring,Active,2024-01-17 14:10:55.489519 UTC,2024-12-12 01:30:33.489521 UTC,2025-04-14 02:32:11.489523 UTC,2025-04-01 12:15:23.489524 UTC
1690504548,228928367,1971020269,979595765,Medical Monitoring Unit 1690504548,Monitoring,Retired,2023-09-12 05:23:43.489693 UTC,2024-12-25 19:41:26.489694 UTC,2025-03-18 05:48:07.489695 UTC,2025-09-07 02:59:47.489697 UTC
562983973,228928367,1971020269,2099955003,Medical Diagnostic Unit 562983973,Diagnostic,Maintenance,2023-08-17 05:57:36.489849 UTC,2024-11-25 04:02:32.489851 UTC,2025-04-18 10:08:29.489852 UTC,2025-11-21 03:56:52.489854 UTC
199988064,228928367,1971020269,1338395860,Medical Monitoring Unit 199988064,Monitoring,Active,2023-03-24 20:06:30.490016 UTC,2024-10-27 12:27:02.490018 UTC,2025-03-17 06:07:49.490019 UTC,2025-02-18 14:57:12.49002 UTC
1946092073,228928367,1971020269,1901117773,Medical Diagnostic Unit 1946092073,Diagnostic,Maintenance,2023-08-20 02:17:52.490176 UTC,2025-01-07 22:16:58.490178 UTC,2025-04-04 16:50:37.490179 UTC,2025-11-25 11:14:33.49018 UTC
872009781,228928367,1971020269,1331705627,Medical Treatment Unit 872009781,Treatment,Maintenance,2024-11-04 08:20:45.490335 UTC,2024-11-12 05:52:18.490336 UTC,2025-04-03 05:47:46.490337 UTC,2025-11-27 12:53:29.490339 UTC
1883544364,228928367,1170658395,1700162388,Medical Diagnostic Unit 1883544364,Diagnostic,Active,2023-03-19 09:10:20.490496 UTC,2025-01-07 11:39:05.490497 UTC,2025-03-12 05:35:32.490498 UTC,2025-05-13 13:42:35.4905 UTC
1730001654,228928367,1170658395,1561032529,Medical Treatment Unit 1730001654,Treatment,Maintenance,2023-08-09 16:36:29.490671 UTC,2024-12-09 01:05:01.490673 UTC,2025-03-28 04:47:38.490674 UTC,2025-07-29 22:07:36.490675 UTC
469745818,228928367,1170658395,1752277816,Medical Diagnostic Unit 469745818,Diagnostic,Active,2023-08-08 00:44:47.490831 UTC,2025-01-05 09:17:43.490833 UTC,2025-03-14 09:54:51.490835 UTC,2025-10-25 01:46:35.490836 UTC
1198739767,228928367,1170658395,392045862,Medical Diagnostic Unit 1198739767,Diagnostic,Maintenance,2024-01-28 21:02:21.490972 UTC,2025-01-06 23:49:00.490974 UTC,2025-04-07 13:20:29.490975 UTC,2025-04-05 06:55:49.490977 UTC
1131189278,228928367,1170658395,2099955003,Medical Treatment Unit 1131189278,Treatment,Active,2023-09-07 12:46:44.491617 UTC,2024-12-22 17:16:02.491618 UTC,2025-04-01 21:12:29.49162 UTC,2025-12-06 12:03:10.491621 UTC
1430164082,228928367,1170658395,1507607695,Medical Monitoring Unit 1430164082,Monitoring,Active,2023-12-02 13:52:12.491777 UTC,2025-01-22 18:24:25.491778 UTC,2025-03-23 13:11:02.49178 UTC,2025-08-29 12:30:52.491781 UTC
1365351231,228928367,1170658395,116412071,Medical Diagnostic Unit 1365351231,Diagnostic,Maintenance,2024-07-08 07:02:12.491923 UTC,2024-11-19 20:41:40.491925 UTC,2025-03-14 22:19:09.491926 UTC,2025-12-13 03:26:45.491927 UTC
1186982557,228928367,1170658395,867953636,Medical Diagnostic Unit 1186982557,Diagnostic,Active,2024-09-19 03:58:23.492065 UTC,2024-11-12 22:01:43.492067 UTC,2025-02-28 09:22:34.492068 UTC,2025-06-16 20:48:32.492069 UTC
1094434202,228928367,1170658395,1752277816,Medical Monitoring Unit 1094434202,Monitoring,Active,2024-02-24 19:14:56.492209 UTC,2024-12-10 23:39:25.492211 UTC,2025-01-31 12:09:59.492212 UTC,2025-11-08 18:57:13.492213 UTC
1487100175,228928367,701629776,979595765,Medical Diagnostic Unit 1487100175,Diagnostic,Active,2024-04-08 23:26:55.492381 UTC,2024-11-29 20:27:38.492382 UTC,2025-04-15 05:38:52.492384 UTC,2025-12-02 11:18:23.492385 UTC
1521117939,228928367,701629776,1096492087,Medical Treatment Unit 1521117939,Treatment,Active,2023-05-15 14:31:33.492559 UTC,2024-11-18 03:03:33.492561 UTC,2025-04-21 22:29:59.492562 UTC,2025-11-15 10:12:12.492563 UTC
750486229,228928367,701629776,867953636,Medical Diagnostic Unit 750486229,Diagnostic,Maintenance,2023-09-29 06:37:27.492715 UTC,2024-10-28 16:47:56.492717 UTC,2025-01-28 15:18:37.492718 UTC,2025-11-21 04:15:53.492719 UTC
426678200,228928367,701629776,1752277816,Medical Monitoring Unit 426678200,Monitoring,Maintenance,2023-02-14 07:45:09.492867 UTC,2024-11-17 16:59:16.492869 UTC,2025-02-25 07:18:33.49287 UTC,2025-05-25 09:16:23.492871 UTC
2019157518,228928367,701629776,888054589,Medical Treatment Unit 2019157518,Treatment,Retired,2024-03-16 04:14:18.493011 UTC,2024-12-27 19:29:01.493012 UTC,2025-02-07 23:11:30.493014 UTC,2025-09-14 21:16:34.493015 UTC
41049229,228928367,701629776,1088420209,Medical Treatment Unit 41049229,Treatment,Active,2023-06-15 15:08:44.493166 UTC,2025-01-02 22:53:59.493167 UTC,2025-04-17 00:21:10.493169 UTC,2025-12-27 19:14:33.49317 UTC
740493653,228928367,701629776,271852868,Medical Diagnostic Unit 740493653,Diagnostic,Active,2024-04-09 18:55:49.493325 UTC,2025-01-03 03:29:18.493327 UTC,2025-04-05 20:45:37.493328 UTC,2025-04-06 10:37:22.493329 UTC
493285821,228928367,701629776,859235362,Medical Monitoring Unit 493285821,Monitoring,Retired,2024-05-05 01:09:33.49347 UTC,2024-10-30 21:38:56.493471 UTC,2025-04-07 12:28:11.493473 UTC,2025-11-24 05:56:20.493474 UTC
225650841,228928367,701629776,1108156332,Medical Diagnostic Unit 225650841,Diagnostic,Retired,2024-07-26 08:58:29.493644 UTC,2024-11-14 11:18:39.493645 UTC,2025-04-09 02:52:11.493647 UTC,2026-01-20 01:25:44.493648 UTC
1183562646,228928367,1593895426,392045862,Medical Treatment Unit 1183562646,Treatment,Active,2023-05-27 13:20:27.493787 UTC,2025-01-19 23:16:36.493789 UTC,2025-04-05 08:52:56.49379 UTC,2025-02-17 01:14:36.493791 UTC
1025567752,228928367,1593895426,1331705627,Medical Treatment Unit 1025567752,Treatment,Maintenance,2024-03-01 06:02:33.493967 UTC,2024-12-05 00:39:20.493969 UTC,2025-04-03 06:35:24.49397 UTC,2025-05-30 03:05:43.493971 UTC
1635941358,228928367,1593895426,2080821165,Medical Diagnostic Unit 1635941358,Diagnostic,Maintenance,2024-10-21 17:36:53.494128 UTC,2024-12-17 18:53:25.494129 UTC,2025-03-17 08:00:54.494131 UTC,2025-12-29 20:58:17.494132 UTC
1004911086,228928367,1593895426,871046199,Medical Treatment Unit 1004911086,Treatment,Active,2023-06-23 21:42:44.494294 UTC,2025-01-17 21:12:48.494296 UTC,2025-03-18 03:58:52.494297 UTC,2025-07-30 02:31:20.494298 UTC
1061978910,228928367,1593895426,1409154452,Medical Monitoring Unit 1061978910,Monitoring,Active,2023-07-17 21:59:44.494477 UTC,2024-12-24 18:51:59.494479 UTC,2025-02-28 22:05:19.49448 UTC,2025-08-22 12:31:21.494481 UTC
1455368756,228928367,1593895426,638123753,Medical Treatment Unit 1455368756,Treatment,Active,2023-03-06 15:11:37.494656 UTC,2024-10-28 21:29:12.494658 UTC,2025-03-14 17:22:37.494659 UTC,2025-10-09 15:29:29.49466 UTC
206692544,228928367,1593895426,1499316515,Medical Monitoring Unit 206692544,Monitoring,Maintenance,2024-06-05 04:56:40.494809 UTC,2025-01-06 22:08:42.49481 UTC,2025-04-04 05:07:21.494812 UTC,2025-09-26 03:18:06.494813 UTC
1403044161,228928367,1593895426,638123753,Medical Diagnostic Unit 1403044161,Diagnostic,Active,2023-08-29 06:25:51.494954 UTC,2024-12-27 12:03:19.494956 UTC,2025-03-29 05:32:55.494957 UTC,2025-11-16 06:05:12.494958 UTC
1038064052,228928367,1593895426,1700162388,Medical Diagnostic Unit 1038064052,Diagnostic,Active,2023-06-03 04:14:03.495112 UTC,2024-11-15 21:27:06.495113 UTC,2025-03-05 20:44:26.495115 UTC,2025-11-22 04:53:19.495116 UTC
1911029243,2001140343,1819406532,721723765,Medical Diagnostic Unit 1911029243,Diagnostic,Maintenance,2023-04-15 16:32:16.505526 UTC,2024-12-06 23:29:31.505528 UTC,2025-04-11 15:22:13.505529 UTC,2025-03-07 08:42:36.50553 UTC
310359839,2001140343,1819406532,721723765,Medical Monitoring Unit 310359839,Monitoring,Retired,2024-09-28 08:22:56.50585 UTC,2024-11-14 17:16:29.505854 UTC,2025-02-23 14:21:59.505855 UTC,2025-03-21 23:49:24.505857 UTC
940808970,2001140343,1819406532,392045862,Medical Monitoring Unit 940808970,Monitoring,Maintenance,2023-11-11 16:35:21.506118 UTC,2024-11-29 08:50:55.50612 UTC,2025-04-11 11:18:52.506122 UTC,2025-09-27 00:41:38.506124 UTC
1739425928,2001140343,1819406532,794488155,Medical Monitoring Unit 1739425928,Monitoring,Active,2023-03-15 20:15:09.506333 UTC,2025-01-23 18:50:19.506335 UTC,2025-04-17 05:20:58.506336 UTC,2025-10-21 11:59:16.506338 UTC
1894567930,2001140343,1819406532,1993610314,Medical Diagnostic Unit 1894567930,Diagnostic,Active,2023-10-18 00:39:46.506505 UTC,2024-11-25 05:42:17.506506 UTC,2025-02-03 07:52:44.506508 UTC,2025-08-19 19:49:13.506509 UTC
449022112,2001140343,1819406532,760939936,Medical Diagnostic Unit 449022112,Diagnostic,Maintenance,2023-06-24 07:27:35.506675 UTC,2024-11-18 10:27:25.506676 UTC,2025-03-30 14:12:32.506678 UTC,2025-05-10 01:55:08.506679 UTC
2108827065,2001140343,1819406532,1752277816,Medical Diagnostic Unit 2108827065,Diagnostic,Retired,2023-04-15 22:30:30.506915 UTC,2024-11-17 04:35:14.506917 UTC,2025-02-01 13:12:21.506918 UTC,2025-12-27 15:33:32.506919 UTC
162169654,2001140343,1819406532,1561032529,Medical Treatment Unit 162169654,Treatment,Maintenance,2024-05-08 11:13:31.507081 UTC,2024-10-30 14:08:22.507082 UTC,2025-04-07 14:04:28.507084 UTC,2025-09-17 15:51:06.507085 UTC
1285255159,2001140343,1819406532,1085526526,Medical Diagnostic Unit 1285255159,Diagnostic,Retired,2023-05-19 02:09:49.507255 UTC,2024-12-11 01:53:56.507257 UTC,2025-04-19 19:55:16.507258 UTC,2025-06-08 18:54:25.50726 UTC
1233495404,2001140343,818268165,559126413,Medical Treatment Unit 1233495404,Treatment,Maintenance,2023-12-26 13:09:26.507411 UTC,2025-01-08 06:31:07.507413 UTC,2025-02-05 01:29:49.507414 UTC,2025-06-10 04:22:29.507416 UTC
301231330,2001140343,818268165,77912486,Medical Treatment Unit 301231330,Treatment,Active,2023-09-17 05:49:20.507616 UTC,2025-01-18 15:38:38.507617 UTC,2025-02-06 03:42:15.507619 UTC,2025-04-05 07:47:55.50762 UTC
924558589,2001140343,818268165,1561032529,Medical Monitoring Unit 924558589,Monitoring,Active,2023-08-03 10:48:07.507765 UTC,2024-12-08 07:19:23.507766 UTC,2025-02-17 20:13:08.507768 UTC,2025-02-09 11:09:40.507769 UTC
1092181790,2001140343,818268165,167778567,Medical Diagnostic Unit 1092181790,Diagnostic,Active,2024-04-27 19:36:07.507928 UTC,2024-11-29 11:05:20.50793 UTC,2025-03-27 06:14:53.507931 UTC,2025-04-27 00:11:49.507932 UTC
1835788360,2001140343,818268165,1088420209,Medical Treatment Unit 1835788360,Treatment,Maintenance,2023-12-01 23:28:20.508092 UTC,2024-11-09 14:11:45.508094 UTC,2025-02-19 13:32:02.508095 UTC,2025-08-24 02:41:36.508096 UTC
710731179,2001140343,303648950,2028514110,Medical Diagnostic Unit 710731179,Diagnostic,Retired,2023-04-01 00:51:26.508248 UTC,2025-01-11 04:51:51.508249 UTC,2025-02-17 11:50:46.50825 UTC,2025-10-25 12:35:08.508251 UTC
355930437,2001140343,303648950,1233382250,Medical Treatment Unit 355930437,Treatment,Active,2024-03-30 00:28:56.508418 UTC,2024-12-17 10:35:54.50842 UTC,2025-02-20 00:09:23.508421 UTC,2025-03-28 07:45:51.508423 UTC
2037615265,2001140343,303648950,1409154452,Medical Diagnostic Unit 2037615265,Diagnostic,Active,2024-03-26 11:05:24.508582 UTC,2024-12-05 13:45:50.508583 UTC,2025-03-18 15:27:10.508585 UTC,2025-01-27 21:45:31.508586 UTC
502473677,2001140343,303648950,307031092,Medical Treatment Unit 502473677,Treatment,Active,2023-10-28 10:32:35.508754 UTC,2025-01-02 03:51:25.508755 UTC,2025-02-16 14:58:42.508757 UTC,2025-10-17 13:07:29.508758 UTC
1807078690,2001140343,303648950,1096492087,Medical Treatment Unit 1807078690,Treatment,Active,2023-11-15 21:00:23.508909 UTC,2024-12-02 04:39:50.508911 UTC,2025-04-20 12:24:07.508913 UTC,2025-08-16 09:25:19.508914 UTC
1203082546,2001140343,303648950,2028514110,Medical Monitoring Unit 1203082546,Monitoring,Maintenance,2024-02-26 11:07:55.509078 UTC,2025-01-12 19:26:12.50908 UTC,2025-02-03 19:08:30.509081 UTC,2025-05-26 11:00:31.509083 UTC
909985782,2001140343,303648950,800212437,Medical Diagnostic Unit 909985782,Diagnostic,Retired,2024-08-20 01:11:06.509259 UTC,2024-12-26 09:22:16.509261 UTC,2025-03-20 15:14:45.509262 UTC,2025-10-15 08:32:38.509264 UTC
529943048,2001140343,303648950,794488155,Medical Diagnostic Unit 529943048,Diagnostic,Maintenance,2025-01-24 05:09:59.509416 UTC,2024-10-29 16:23:06.509418 UTC,2025-01-30 07:20:21.509419 UTC,2025-03-02 13:57:30.50942 UTC
2038107468,2001140343,668160852,1993610314,Medical Treatment Unit 2038107468,Treatment,Active,2024-12-08 12:00:39.509585 UTC,2024-12-06 04:38:05.509587 UTC,2025-03-14 14:04:09.509588 UTC,2025-06-29 04:36:13.509589 UTC
197389981,2001140343,668160852,137659156,Medical Diagnostic Unit 197389981,Diagnostic,Maintenance,2025-01-04 20:42:28.509785 UTC,2025-01-23 01:52:23.509786 UTC,2025-04-05 17:00:45.509788 UTC,2025-07-09 22:19:33.509789 UTC
1249834734,2001140343,668160852,1108156332,Medical Diagnostic Unit 1249834734,Diagnostic,Active,2023-05-31 23:53:30.509953 UTC,2025-01-02 22:50:00.509955 UTC,2025-03-31 17:12:11.509957 UTC,2025-11-29 01:26:08.509958 UTC
1148584026,2001140343,668160852,1338395860,Medical Treatment Unit 1148584026,Treatment,Active,2023-07-26 22:42:30.5101 UTC,2025-01-18 05:54:46.510102 UTC,2025-04-24 21:23:43.510103 UTC,2026-01-12 17:07:49.510105 UTC
443620150,2001140343,668160852,293140461,Medical Treatment Unit 443620150,Treatment,Active,2024-03-24 15:23:00.51026 UTC,2024-12-01 15:08:24.510262 UTC,2025-02-08 18:24:13.510263 UTC,2025-11-16 20:59:33.510264 UTC
235834285,2001140343,668160852,1338395860,Medical Diagnostic Unit 235834285,Diagnostic,Retired,2023-10-18 16:45:45.510412 UTC,2024-12-10 06:52:41.510414 UTC,2025-02-16 04:25:16.510415 UTC,2025-06-21 16:16:54.510416 UTC
1662926302,2001140343,668160852,116412071,Medical Treatment Unit 1662926302,Treatment,Active,2024-07-03 22:08:27.510582 UTC,2024-12-13 04:38:02.510583 UTC,2025-04-16 21:45:22.510585 UTC,2025-07-27 04:38:09.510586 UTC
1229344985,2001140343,1344593007,661429842,Medical Diagnostic Unit 1229344985,Diagnostic,Active,2024-12-30 10:39:37.510738 UTC,2024-12-04 18:23:33.51074 UTC,2025-03-23 00:22:43.510741 UTC,2025-08-19 21:25:44.510742 UTC
730324493,2001140343,1344593007,1096492087,Medical Treatment Unit 730324493,Treatment,Active,2024-02-12 05:03:35.510922 UTC,2024-11-18 06:16:59.510923 UTC,2025-02-23 19:35:50.510925 UTC,2025-04-11 08:43:30.510926 UTC
513243144,2001140343,1344593007,116412071,Medical Monitoring Unit 513243144,Monitoring,Active,2024-03-19 16:03:10.511084 UTC,2025-01-08 15:01:42.511086 UTC,2025-04-20 13:13:58.511087 UTC,2025-04-13 17:09:46.511089 UTC
1416930151,2001140343,1344593007,116412071,Medical Treatment Unit 1416930151,Treatment,Maintenance,2024-07-18 12:31:40.511246 UTC,2024-12-29 21:38:04.511247 UTC,2025-03-04 22:22:20.511249 UTC,2025-10-24 04:54:19.51125 UTC
776322476,2001140343,1344593007,77912486,Medical Monitoring Unit 776322476,Monitoring,Active,2024-10-16 03:36:05.511728 UTC,2024-11-25 19:03:19.51173 UTC,2025-01-30 18:09:05.511731 UTC,2025-04-15 23:08:17.511732 UTC
737161631,2001140343,1344593007,364941466,Medical Treatment Unit 737161631,Treatment,Active,2023-09-11 11:14:14.511887 UTC,2024-12-14 07:55:44.511888 UTC,2025-04-17 13:13:56.51189 UTC,2025-03-12 02:46:27.511891 UTC
814988077,2001140343,1344593007,1499316515,Medical Monitoring Unit 814988077,Monitoring,Maintenance,2024-02-16 01:56:41.512143 UTC,2024-12-22 22:57:05.512145 UTC,2025-03-25 13:44:56.512147 UTC,2025-04-01 16:34:45.512148 UTC
631846169,2001140343,1344593007,676857344,Medical Diagnostic Unit 631846169,Diagnostic,Active,2024-12-03 07:10:13.512321 UTC,2024-12-24 14:49:53.512323 UTC,2025-04-14 22:54:15.512324 UTC,2025-11-10 04:15:30.512326 UTC
1014910656,2001140343,1855348827,364941466,Medical Treatment Unit 1014910656,Treatment,Active,2024-07-27 12:56:07.512496 UTC,2024-12-16 09:48:34.512498 UTC,2025-03-30 04:04:24.512499 UTC,2025-03-27 10:21:17.5125 UTC
1205416913,2001140343,1855348827,1148527325,Medical Diagnostic Unit 1205416913,Diagnostic,Active,2023-07-05 01:20:28.512692 UTC,2025-01-22 20:27:34.512693 UTC,2025-03-31 22:03:02.512695 UTC,2025-10-25 07:51:12.512696 UTC
1352375605,2001140343,1855348827,807020154,Medical Treatment Unit 1352375605,Treatment,Active,2024-04-11 16:23:27.512889 UTC,2025-01-17 14:40:28.512891 UTC,2025-02-12 12:59:57.512892 UTC,2025-02-19 09:27:14.512893 UTC
1718287148,2001140343,1855348827,364941466,Medical Diagnostic Unit 1718287148,Diagnostic,Active,2024-10-14 07:05:54.513032 UTC,2024-11-19 03:05:30.513034 UTC,2025-04-22 12:30:50.513035 UTC,2025-12-07 19:21:25.513037 UTC
1570128323,2001140343,1855348827,721723765,Medical Treatment Unit 1570128323,Treatment,Maintenance,2024-07-09 03:36:03.51319 UTC,2024-11-14 15:20:21.513191 UTC,2025-04-15 14:55:42.513193 UTC,2025-04-21 08:29:02.513194 UTC
1068201648,2001140343,1855348827,1858617180,Medical Monitoring Unit 1068201648,Monitoring,Maintenance,2024-01-17 19:01:40.513348 UTC,2024-12-22 06:03:27.51335 UTC,2025-04-10 10:08:00.513351 UTC,2025-09-23 09:23:11.513352 UTC
1098517449,2001140343,1855348827,329004808,Medical Diagnostic Unit 1098517449,Diagnostic,Active,2023-09-09 08:28:51.513502 UTC,2024-11-26 05:06:44.513504 UTC,2025-03-20 04:23:39.513505 UTC,2025-02-24 13:57:58.513506 UTC
565793407,2001140343,1855348827,1148527325,Medical Monitoring Unit 565793407,Monitoring,Active,2023-03-27 04:24:45.513655 UTC,2025-01-01 19:38:26.513657 UTC,2025-02-16 09:56:56.513658 UTC,2025-10-29 23:52:36.51366 UTC
1188515383,1841830709,574311916,676857344,Medical Diagnostic Unit 1188515383,Diagnostic,Active,2023-11-07 08:51:48.534102 UTC,2024-12-04 22:54:07.534103 UTC,2025-02-12 07:35:28.534105 UTC,2025-01-31 21:26:17.534106 UTC
338684455,1841830709,574311916,2080821165,Medical Diagnostic Unit 338684455,Diagnostic,Retired,2024-06-21 00:16:27.534297 UTC,2025-01-13 11:02:18.534298 UTC,2025-01-25 02:12:55.5343 UTC,2025-04-14 07:55:37.534301 UTC
277445669,1841830709,574311916,676857344,Medical Diagnostic Unit 277445669,Diagnostic,Maintenance,2023-07-08 09:00:06.534433 UTC,2025-01-17 19:04:05.534434 UTC,2025-03-23 20:32:37.534436 UTC,2025-02-14 06:22:01.534437 UTC
268738070,1841830709,574311916,559126413,Medical Treatment Unit 268738070,Treatment,Active,2025-01-09 02:03:50.534587 UTC,2024-10-28 21:33:02.534589 UTC,2025-03-12 09:13:08.53459 UTC,2025-04-06 17:06:32.534591 UTC
616058126,1841830709,574311916,1108156332,Medical Diagnostic Unit 616058126,Diagnostic,Active,2024-02-21 14:17:25.534743 UTC,2024-12-09 10:12:38.534745 UTC,2025-01-31 10:54:24.534746 UTC,2025-07-07 09:34:02.534748 UTC
312652778,1841830709,1677731448,823052342,Medical Diagnostic Unit 312652778,Diagnostic,Active,2024-04-22 05:29:56.534879 UTC,2024-12-10 16:36:10.53488 UTC,2025-02-14 16:30:56.534881 UTC,2025-04-23 12:36:08.534883 UTC
951196663,1841830709,1677731448,1488160914,Medical Monitoring Unit 951196663,Monitoring,Maintenance,2023-04-18 22:17:10.535049 UTC,2024-10-30 11:30:54.53505 UTC,2025-03-12 02:33:53.535052 UTC,2025-02-22 07:24:29.535053 UTC
742901144,1841830709,1677731448,1233382250,Medical Diagnostic Unit 742901144,Diagnostic,Active,2024-10-26 20:04:32.535207 UTC,2024-12-18 16:36:48.535208 UTC,2025-04-24 04:09:24.53521 UTC,2025-02-13 04:05:11.535211 UTC
1339772667,1841830709,1677731448,1108156332,Medical Diagnostic Unit 1339772667,Diagnostic,Maintenance,2024-09-08 19:01:37.535349 UTC,2024-10-31 09:26:50.53535 UTC,2025-03-18 08:53:00.535352 UTC,2025-12-13 05:58:38.535353 UTC
264448329,1841830709,1677731448,137659156,Medical Monitoring Unit 264448329,Monitoring,Maintenance,2023-12-09 06:32:42.535487 UTC,2024-12-15 07:53:37.535488 UTC,2025-04-17 19:12:39.535489 UTC,2025-04-06 03:21:11.535491 UTC
515687312,1841830709,1677731448,1700162388,Medical Diagnostic Unit 515687312,Diagnostic,Active,2024-02-19 09:09:10.535632 UTC,2025-01-01 20:51:15.535633 UTC,2025-04-16 02:36:47.535635 UTC,2025-04-30 23:13:50.535636 UTC
70614792,1841830709,357360768,846536133,Medical Treatment Unit 70614792,Treatment,Active,2023-12-27 16:01:52.535779 UTC,2024-12-06 15:15:18.535781 UTC,2025-02-18 02:22:23.535782 UTC,2025-10-15 16:48:55.535784 UTC
285232369,1841830709,357360768,721723765,Medical Treatment Unit 285232369,Treatment,Active,2024-06-06 18:23:03.535984 UTC,2024-12-05 13:09:53.535986 UTC,2025-04-14 21:08:10.535987 UTC,2025-06-11 14:50:05.535988 UTC
1329470663,1841830709,357360768,794488155,Medical Treatment Unit 1329470663,Treatment,Active,2023-03-23 06:42:30.536145 UTC,2025-01-02 06:59:04.536146 UTC,2025-02-26 08:19:12.536148 UTC,2025-10-21 02:34:06.536149 UTC
557028729,1841830709,357360768,781279378,Medical Diagnostic Unit 557028729,Diagnostic,Active,2023-06-21 14:42:44.536317 UTC,2025-01-22 07:44:40.536319 UTC,2025-02-02 03:18:53.53632 UTC,2025-05-07 17:07:07.536321 UTC
421477337,1841830709,357360768,2099955003,Medical Treatment Unit 421477337,Treatment,Maintenance,2023-02-22 23:06:44.536472 UTC,2024-12-15 13:46:35.536474 UTC,2025-04-11 15:24:05.536475 UTC,2025-11-21 14:28:40.536477 UTC
46919463,1841830709,357360768,2083782179,Medical Diagnostic Unit 46919463,Diagnostic,Active,2023-08-17 14:34:52.536635 UTC,2025-01-10 02:54:58.536636 UTC,2025-02-14 19:21:29.536638 UTC,2026-01-14 18:17:27.536639 UTC
1305795943,1841830709,827640492,392045862,Medical Monitoring Unit 1305795943,Monitoring,Maintenance,2025-01-22 18:58:35.536799 UTC,2024-12-08 03:45:30.536801 UTC,2025-03-11 12:01:27.536802 UTC,2025-09-02 12:41:30.536803 UTC
1147900972,1841830709,827640492,1752277816,Medical Diagnostic Unit 1147900972,Diagnostic,Maintenance,2023-12-17 21:58:07.536979 UTC,2024-11-14 09:01:26.53698 UTC,2025-02-24 15:36:50.536982 UTC,2025-08-24 17:28:19.536983 UTC
36576339,1841830709,827640492,1088420209,Medical Diagnostic Unit 36576339,Diagnostic,Active,2024-09-07 05:15:05.537122 UTC,2025-01-05 20:32:10.537124 UTC,2025-02-09 07:12:08.537125 UTC,2025-11-27 07:45:45.537126 UTC
1758333926,1841830709,827640492,781279378,Medical Diagnostic Unit 1758333926,Diagnostic,Active,2024-08-05 00:14:53.537267 UTC,2024-12-18 04:09:02.537268 UTC,2025-02-26 04:30:00.53727 UTC,2025-11-29 04:39:36.537271 UTC
1216085230,1841830709,827640492,77912486,Medical Diagnostic Unit 1216085230,Diagnostic,Maintenance,2023-08-31 04:27:50.537412 UTC,2024-11-29 10:47:05.537414 UTC,2025-01-26 05:15:34.537415 UTC,2025-05-21 09:19:14.537416 UTC
325768117,1841830709,827640492,60350704,Medical Treatment Unit 325768117,Treatment,Active,2023-12-21 14:56:34.537569 UTC,2024-11-26 18:41:59.537571 UTC,2025-02-17 00:35:11.537572 UTC,2025-04-23 04:30:18.537573 UTC
462138208,1841830709,827640492,364941466,Medical Treatment Unit 462138208,Treatment,Active,2023-11-06 21:03:04.537716 UTC,2024-12-13 06:49:35.537718 UTC,2025-03-24 23:40:59.537719 UTC,2025-06-17 07:09:10.537721 UTC
1718353777,1841830709,827640492,1085526526,Medical Monitoring Unit 1718353777,Monitoring,Maintenance,2024-06-08 22:27:22.537874 UTC,2024-12-07 04:22:26.537876 UTC,2025-02-27 19:18:09.537877 UTC,2025-06-04 04:56:39.537878 UTC
2031222898,1841830709,827640492,638123753,Medical Diagnostic Unit 2031222898,Diagnostic,Active,2024-08-21 12:29:12.538021 UTC,2024-12-12 21:56:12.538023 UTC,2025-04-12 12:01:43.538024 UTC,2025-10-09 11:45:10.538025 UTC
734696923,1841830709,827640492,661429842,Medical Diagnostic Unit 734696923,Diagnostic,Active,2024-09-18 10:19:45.538178 UTC,2024-12-30 08:02:45.538179 UTC,2025-03-08 21:33:46.538181 UTC,2025-08-14 09:43:05.538182 UTC
609561159,1747972901,1379541885,1409154452,Medical Diagnostic Unit 609561159,Diagnostic,Maintenance,2023-09-13 12:12:16.557828 UTC,2024-11-20 16:12:38.55783 UTC,2025-03-23 11:18:51.557831 UTC,2025-07-12 23:09:55.557832 UTC
1766068656,1747972901,1379541885,271852868,Medical Diagnostic Unit 1766068656,Diagnostic,Retired,2024-06-06 05:23:00.558032 UTC,2024-12-30 07:45:26.558033 UTC,2025-04-23 01:36:11.558035 UTC,2025-08-23 05:27:42.558036 UTC
2147187239,1747972901,1379541885,1148527325,Medical Diagnostic Unit 2147187239,Diagnostic,Maintenance,2023-11-27 19:17:37.558185 UTC,2025-01-24 17:52:20.558186 UTC,2025-01-27 08:33:14.558187 UTC,2025-07-13 22:13:18.558189 UTC
1609646110,1747972901,1379541885,1409154452,Medical Diagnostic Unit 1609646110,Diagnostic,Active,2024-01-11 21:41:10.558356 UTC,2024-12-31 14:25:14.558357 UTC,2025-02-04 13:09:44.558359 UTC,2025-05-11 01:10:55.55836 UTC
2092845860,1747972901,1379541885,1331705627,Medical Diagnostic Unit 2092845860,Diagnostic,Retired,2023-04-28 01:06:35.558552 UTC,2024-11-28 21:28:00.558554 UTC,2025-02-28 04:52:13.558555 UTC,2025-05-14 12:56:05.558556 UTC
828333671,1747972901,1379541885,846536133,Medical Treatment Unit 828333671,Treatment,Retired,2023-05-22 01:47:49.558718 UTC,2024-10-31 05:17:14.558719 UTC,2025-02-18 05:57:57.558721 UTC,2025-12-15 14:49:18.558722 UTC
1252240824,1747972901,1379541885,859235362,Medical Monitoring Unit 1252240824,Monitoring,Active,2023-12-03 05:15:55.558882 UTC,2024-12-27 14:32:53.558884 UTC,2025-04-02 01:57:11.558885 UTC,2025-05-01 17:19:04.558887 UTC
307246294,1747972901,1379541885,2080821165,Medical Treatment Unit 307246294,Treatment,Retired,2023-12-05 21:15:09.559052 UTC,2025-01-19 17:06:09.559054 UTC,2025-04-05 02:21:47.559055 UTC,2025-02-27 16:22:05.559057 UTC
496770656,1747972901,700460197,1752277816,Medical Diagnostic Unit 496770656,Diagnostic,Active,2023-11-18 08:32:12.559198 UTC,2024-12-10 15:52:27.5592 UTC,2025-03-18 20:19:12.559201 UTC,2025-03-20 18:43:12.559202 UTC
833153283,1747972901,700460197,1409154452,Medical Diagnostic Unit 833153283,Diagnostic,Active,2023-05-16 01:21:54.559377 UTC,2024-11-02 09:21:37.559378 UTC,2025-02-08 12:24:04.559379 UTC,2025-09-27 19:32:17.559381 UTC
948884567,1747972901,700460197,800212437,Medical Treatment Unit 948884567,Treatment,Retired,2023-07-29 06:20:35.559553 UTC,2024-10-28 10:03:31.559554 UTC,2025-03-28 15:15:00.559555 UTC,2025-12-15 12:16:36.559557 UTC
1252203098,1747972901,700460197,979595765,Medical Treatment Unit 1252203098,Treatment,Active,2024-04-22 06:10:42.559714 UTC,2025-01-03 04:13:00.559715 UTC,2025-02-27 21:52:46.559717 UTC,2025-08-18 09:32:33.559718 UTC
703792714,1747972901,700460197,1352254896,Medical Treatment Unit 703792714,Treatment,Active,2023-02-14 01:57:01.559872 UTC,2024-12-05 03:20:46.559874 UTC,2025-03-11 18:11:23.559875 UTC,2025-11-20 00:27:40.559876 UTC
630016574,1747972901,1408062656,2083782179,Medical Monitoring Unit 630016574,Monitoring,Active,2023-02-05 11:40:38.560036 UTC,2024-11-26 22:47:16.560038 UTC,2025-02-02 20:16:34.560039 UTC,2025-01-28 22:43:35.56004 UTC
1760289537,1747972901,1408062656,2099955003,Medical Treatment Unit 1760289537,Treatment,Retired,2024-08-31 06:01:24.560238 UTC,2024-11-15 19:12:17.56024 UTC,2025-03-24 23:47:10.560241 UTC,2025-07-23 22:29:03.560242 UTC
1430062577,1747972901,1408062656,846536133,Medical Treatment Unit 1430062577,Treatment,Active,2023-12-11 21:06:52.560399 UTC,2025-01-07 16:06:37.560401 UTC,2025-03-03 02:11:29.560402 UTC,2025-06-15 16:01:42.560403 UTC
2005455609,1747972901,1408062656,1993610314,Medical Monitoring Unit 2005455609,Monitoring,Retired,2023-02-17 01:55:19.560565 UTC,2025-01-07 03:22:31.560567 UTC,2025-04-07 19:02:05.560568 UTC,2025-09-10 11:50:27.560569 UTC
2062701690,1747972901,1408062656,2083782179,Medical Diagnostic Unit 2062701690,Diagnostic,Active,2024-07-29 11:23:14.560741 UTC,2024-11-21 21:48:07.560743 UTC,2025-02-01 23:20:35.560744 UTC,2025-07-20 10:23:04.560746 UTC
1829824309,1747972901,1966308851,1409154452,Medical Treatment Unit 1829824309,Treatment,Active,2024-07-04 23:56:23.560913 UTC,2025-01-14 05:57:59.560914 UTC,2025-02-01 21:32:38.560916 UTC,2025-01-25 22:00:15.560917 UTC
147973088,1747972901,1966308851,638123753,Medical Treatment Unit 147973088,Treatment,Retired,2024-12-04 03:01:28.561111 UTC,2024-11-17 20:55:35.561113 UTC,2025-04-20 14:48:44.561114 UTC,2025-11-18 05:24:44.561115 UTC
1275252925,1747972901,1966308851,1148527325,Medical Treatment Unit 1275252925,Treatment,Active,2024-11-10 12:56:30.561285 UTC,2024-11-13 06:15:27.561286 UTC,2025-03-04 03:19:39.561288 UTC,2025-09-10 12:34:28.561289 UTC
638278448,1747972901,1966308851,1257606053,Medical Diagnostic Unit 638278448,Diagnostic,Maintenance,2024-01-07 15:05:35.561462 UTC,2025-01-18 17:04:24.561463 UTC,2025-02-24 22:16:20.561465 UTC,2026-01-24 19:06:21.561466 UTC
287336079,1747972901,1966308851,1561032529,Medical Treatment Unit 287336079,Treatment,Active,2024-08-10 14:26:40.56162 UTC,2024-12-13 23:13:20.561621 UTC,2025-03-13 05:08:16.561622 UTC,2025-01-26 08:30:42.561624 UTC
543466259,1747972901,1966308851,1085526526,Medical Diagnostic Unit 543466259,Diagnostic,Maintenance,2023-02-07 17:57:06.561813 UTC,2024-12-23 00:58:58.561816 UTC,2025-03-13 13:10:24.561817 UTC,2026-01-21 15:12:34.561818 UTC
1109036806,1747972901,1966308851,1700162388,Medical Monitoring Unit 1109036806,Monitoring,Active,2023-10-22 15:28:47.561974 UTC,2025-01-18 11:09:32.561975 UTC,2025-02-17 14:21:22.561977 UTC,2025-07-10 10:53:12.561978 UTC
510711134,1747972901,1966308851,167778567,Medical Monitoring Unit 510711134,Monitoring,Retired,2024-10-07 03:49:04.562143 UTC,2025-01-23 11:08:15.562145 UTC,2025-02-20 02:42:05.562146 UTC,2025-05-09 19:02:03.562147 UTC
240669207,1747972901,1438106962,781279378,Medical Treatment Unit 240669207,Treatment,Retired,2023-10-04 02:14:41.562313 UTC,2024-11-11 23:26:41.562315 UTC,2025-02-09 10:34:32.562316 UTC,2025-10-14 04:12:56.562317 UTC
1328426828,1747972901,1438106962,264043427,Medical Monitoring Unit 1328426828,Monitoring,Active,2023-11-15 23:50:41.562492 UTC,2024-11-07 17:23:32.562493 UTC,2025-02-05 03:23:27.562495 UTC,2025-04-23 18:01:46.562496 UTC
94490185,1747972901,1438106962,77912486,Medical Diagnostic Unit 94490185,Diagnostic,Maintenance,2024-12-31 04:15:30.562644 UTC,2024-11-21 09:33:42.562646 UTC,2025-03-13 10:53:13.562647 UTC,2025-02-07 10:18:14.562649 UTC
1077075565,1747972901,1438106962,1108156332,Medical Treatment Unit 1077075565,Treatment,Active,2023-08-20 06:01:36.562809 UTC,2024-12-05 17:11:55.562811 UTC,2025-03-21 09:43:50.562812 UTC,2025-11-15 22:08:32.562813 UTC
383936019,1747972901,1438106962,1488160914,Medical Treatment Unit 383936019,Treatment,Active,2024-11-08 22:55:03.562966 UTC,2024-11-10 22:19:33.562967 UTC,2025-02-05 18:53:19.562969 UTC,2025-12-21 08:37:56.56297 UTC
2133652760,1747972901,1438106962,307031092,Medical Monitoring Unit 2133652760,Monitoring,Active,2024-06-25 13:04:22.563145 UTC,2024-11-26 21:00:04.563146 UTC,2025-01-25 00:29:17.563148 UTC,2025-11-22 08:04:28.563149 UTC
5898849,293026350,1560479820,60350704,Medical Diagnostic Unit 5898849,Diagnostic,Maintenance,2024-10-20 06:09:25.579631 UTC,2024-12-04 09:08:34.579633 UTC,2025-03-14 02:57:35.579634 UTC,2025-06-25 18:52:25.579635 UTC
201313285,293026350,1560479820,1507607695,Medical Diagnostic Unit 201313285,Diagnostic,Maintenance,2024-12-04 21:11:27.579829 UTC,2025-01-21 10:25:33.57983 UTC,2025-03-03 18:14:26.579832 UTC,2025-06-10 04:39:18.579833 UTC
899008111,293026350,1560479820,846536133,Medical Diagnostic Unit 899008111,Diagnostic,Active,2025-01-01 17:04:21.579989 UTC,2024-11-22 00:57:39.579991 UTC,2025-02-09 12:34:07.579992 UTC,2025-08-11 11:32:43.579994 UTC
1434209152,293026350,1560479820,1507607695,Medical Diagnostic Unit 1434209152,Diagnostic,Active,2024-09-27 19:22:44.580155 UTC,2024-12-23 06:04:22.580157 UTC,2025-03-02 12:47:22.580158 UTC,2025-06-01 09:50:58.580159 UTC
467821954,293026350,1560479820,1700162388,Medical Treatment Unit 467821954,Treatment,Active,2023-05-26 02:50:32.580331 UTC,2024-12-31 01:55:55.580333 UTC,2025-04-20 06:20:24.580334 UTC,2025-06-18 17:18:42.580335 UTC
1030968319,293026350,1560479820,271852868,Medical Treatment Unit 1030968319,Treatment,Active,2023-05-30 12:07:50.580498 UTC,2024-12-15 04:21:28.580499 UTC,2025-04-03 05:34:57.580501 UTC,2025-12-23 18:07:57.580502 UTC
728015539,293026350,1560479820,1752277816,Medical Treatment Unit 728015539,Treatment,Retired,2024-05-18 23:00:46.580646 UTC,2024-11-01 14:10:45.580647 UTC,2025-03-09 15:58:13.580649 UTC,2025-08-07 16:05:14.58065 UTC
1333389551,293026350,1560479820,1901117773,Medical Diagnostic Unit 1333389551,Diagnostic,Active,2024-09-04 16:40:40.580802 UTC,2024-12-16 22:00:37.580804 UTC,2025-02-27 05:25:14.580805 UTC,2025-12-15 02:50:47.580806 UTC
2086622515,293026350,1560479820,137659156,Medical Monitoring Unit 2086622515,Monitoring,Active,2024-06-25 19:55:15.580974 UTC,2024-11-23 05:29:26.580976 UTC,2025-02-11 12:30:31.580977 UTC,2025-12-17 05:43:56.580979 UTC
1434149294,293026350,1595199791,1561032529,Medical Treatment Unit 1434149294,Treatment,Active,2024-05-25 22:13:44.581179 UTC,2024-12-19 22:35:44.58118 UTC,2025-02-06 04:01:41.581181 UTC,2025-10-08 18:17:47.581183 UTC
1542028004,293026350,1595199791,823052342,Medical Diagnostic Unit 1542028004,Diagnostic,Active,2024-09-07 07:35:54.581366 UTC,2025-01-20 03:53:19.581368 UTC,2025-03-06 03:36:55.58137 UTC,2025-07-05 07:42:07.581371 UTC
1894588660,293026350,1595199791,156232486,Medical Treatment Unit 1894588660,Treatment,Active,2023-07-13 07:51:08.581516 UTC,2024-12-28 10:03:01.581517 UTC,2025-03-02 17:21:14.581519 UTC,2025-09-07 21:08:46.58152 UTC
1402002799,293026350,1595199791,156232486,Medical Diagnostic Unit 1402002799,Diagnostic,Active,2023-04-29 01:25:02.581674 UTC,2024-12-22 16:55:56.581676 UTC,2025-04-24 06:40:57.581677 UTC,2025-09-08 06:28:33.581678 UTC
867296139,293026350,1595199791,1352254896,Medical Treatment Unit 867296139,Treatment,Retired,2023-09-14 11:32:01.581833 UTC,2025-01-10 21:42:23.581835 UTC,2025-01-26 04:20:55.581837 UTC,2025-09-04 06:57:33.581838 UTC
1883777582,293026350,650284240,2028514110,Medical Diagnostic Unit 1883777582,Diagnostic,Active,2024-12-08 05:10:53.581994 UTC,2025-01-10 21:17:57.581995 UTC,2025-02-03 09:52:50.581996 UTC,2025-09-02 01:52:18.581998 UTC
571469375,293026350,650284240,156232486,Medical Treatment Unit 571469375,Treatment,Active,2024-08-21 05:13:19.582161 UTC,2025-01-20 23:43:48.582162 UTC,2025-01-28 23:54:32.582163 UTC,2025-09-24 10:01:38.582165 UTC
414130914,293026350,650284240,559126413,Medical Diagnostic Unit 414130914,Diagnostic,Active,2023-07-12 11:39:10.582316 UTC,2024-11-24 03:30:52.582318 UTC,2025-03-26 07:48:13.582319 UTC,2025-11-04 08:48:10.582321 UTC
62914185,293026350,650284240,1038264622,Medical Treatment Unit 62914185,Treatment,Active,2023-04-09 21:28:51.582478 UTC,2024-11-09 19:50:59.58248 UTC,2025-02-10 00:18:13.582481 UTC,2025-08-30 05:11:30.582482 UTC
745261593,293026350,650284240,823052342,Medical Diagnostic Unit 745261593,Diagnostic,Active,2023-02-01 20:18:36.582621 UTC,2024-11-21 02:42:09.582622 UTC,2025-03-28 14:59:57.582623 UTC,2025-04-13 01:17:15.582625 UTC
1917473926,293026350,650284240,60350704,Medical Diagnostic Unit 1917473926,Diagnostic,Maintenance,2024-09-04 05:24:21.582769 UTC,2025-01-03 19:04:54.582771 UTC,2025-02-11 05:22:16.582772 UTC,2025-09-25 18:17:38.582773 UTC
2117086866,293026350,650284240,559126413,Medical Treatment Unit 2117086866,Treatment,Active,2024-11-02 02:36:12.582924 UTC,2025-01-21 05:41:41.582926 UTC,2025-03-23 10:15:53.582927 UTC,2025-06-10 08:39:35.582929 UTC
964155362,293026350,539887200,800212437,Medical Diagnostic Unit 964155362,Diagnostic,Active,2024-04-03 01:28:39.58309 UTC,2024-12-20 16:36:30.583092 UTC,2025-04-01 01:26:39.583093 UTC,2025-10-29 07:48:52.583094 UTC
1881379165,293026350,539887200,1108156332,Medical Monitoring Unit 1881379165,Monitoring,Active,2023-12-31 05:18:12.583268 UTC,2025-01-01 06:49:39.583269 UTC,2025-02-11 09:36:01.583271 UTC,2025-11-27 13:02:46.583272 UTC
864854728,293026350,539887200,2080821165,Medical Diagnostic Unit 864854728,Diagnostic,Active,2023-08-06 09:25:41.583407 UTC,2024-12-20 18:23:36.583409 UTC,2025-03-05 19:35:07.58341 UTC,2026-01-16 07:10:13.583411 UTC
1993113404,293026350,539887200,1993610314,Medical Diagnostic Unit 1993113404,Diagnostic,Active,2025-01-21 21:29:04.583544 UTC,2024-12-20 00:23:21.583545 UTC,2025-04-03 03:15:05.583547 UTC,2025-10-02 15:38:50.583548 UTC
207852178,293026350,539887200,167778567,Medical Treatment Unit 207852178,Treatment,Active,2024-02-18 08:31:10.583704 UTC,2024-10-30 05:07:06.583705 UTC,2025-02-04 12:59:09.583707 UTC,2025-04-13 12:25:33.583708 UTC
