 ID, Employee ID, Purchase Order Date, Outgoing Amount, Ingoing Amount, Is Outgoing, Is Ingoing, Status
2080821165,289350603,2023-06-01 00:00:00 UTC,1000.0,,FALSE,TRUE,COMPLETED
812686863,289350603,2023-01-01 00:00:00 UTC,,800.0,FALSE,TRUE,COMPLETED
1108156332,122346013,2023-06-01 00:00:00 UTC,2000.0,800.0,TRUE,FALSE,APPROVED
2028514110,122346013,2023-01-01 00:00:00 UTC,1000.0,,TRUE,FALSE,APPROVED
1499316515,519770588,2023-06-01 00:00:00 UTC,2000.0,1500.0,TRUE,FALSE,APPROVED
781279378,519770588,2023-06-01 00:00:00 UTC,,,TRUE,FALSE,APPROVED
271852868,742365891,2023-06-01 00:00:00 UTC,,1500.0,FALSE,TRUE,PENDING
2011403217,742365891,2023-06-01 00:00:00 UTC,,1500.0,TRUE,FALSE,APPROVED
1752277816,742365891,2023-01-01 00:00:00 UTC,1000.0,1500.0,TRUE,FALSE,COMPLETED
1233382250,2138075717,2023-01-01 00:00:00 UTC,,,FALSE,TRUE,APPROVED
1257606053,2138075717,2023-06-01 00:00:00 UTC,2000.0,,FALSE,TRUE,PENDING
264043427,1997519883,2023-01-01 00:00:00 UTC,1000.0,800.0,TRUE,FALSE,COMPLETED
807020154,1997519883,2023-06-01 00:00:00 UTC,,1500.0,TRUE,FALSE,PENDING
116412071,1997519883,2023-06-01 00:00:00 UTC,1000.0,,FALSE,TRUE,COMPLETED
1085526526,643793315,2023-01-01 00:00:00 UTC,,800.0,TRUE,FALSE,PENDING
1088420209,643793315,2023-01-01 00:00:00 UTC,,1500.0,FALSE,TRUE,PENDING
137659156,643793315,2023-06-01 00:00:00 UTC,,1500.0,FALSE,TRUE,COMPLETED
1858617180,943289491,2023-06-01 00:00:00 UTC,1000.0,1500.0,TRUE,FALSE,APPROVED
1038264622,943289491,2023-01-01 00:00:00 UTC,1000.0,800.0,FALSE,TRUE,PENDING
329004808,943289491,2023-06-01 00:00:00 UTC,2000.0,,TRUE,FALSE,PENDING
823052342,1507141089,2023-06-01 00:00:00 UTC,1000.0,,TRUE,FALSE,PENDING
293140461,1507141089,2023-01-01 00:00:00 UTC,,1500.0,FALSE,TRUE,APPROVED
77912486,374742912,2023-06-01 00:00:00 UTC,,800.0,TRUE,FALSE,COMPLETED
661429842,1050508733,2023-01-01 00:00:00 UTC,,800.0,TRUE,FALSE,APPROVED
307031092,1837155942,2023-01-01 00:00:00 UTC,,800.0,FALSE,TRUE,APPROVED
1901117773,1837155942,2023-06-01 00:00:00 UTC,2000.0,,TRUE,FALSE,COMPLETED
979595765,1837155942,2023-01-01 00:00:00 UTC,2000.0,800.0,FALSE,TRUE,APPROVED
867953636,81801061,2023-06-01 00:00:00 UTC,1000.0,,TRUE,FALSE,APPROVED
800212437,81801061,2023-06-01 00:00:00 UTC,,,FALSE,TRUE,APPROVED
60350704,517880878,2023-01-01 00:00:00 UTC,2000.0,800.0,FALSE,TRUE,PENDING
1700162388,517880878,2023-01-01 00:00:00 UTC,1000.0,,TRUE,FALSE,PENDING
1507607695,517880878,2023-06-01 00:00:00 UTC,2000.0,800.0,FALSE,TRUE,COMPLETED
888054589,1608037409,2023-01-01 00:00:00 UTC,1000.0,800.0,FALSE,TRUE,PENDING
721723765,1608037409,2023-01-01 00:00:00 UTC,2000.0,800.0,TRUE,FALSE,COMPLETED
1338395860,1439420165,2023-06-01 00:00:00 UTC,,800.0,FALSE,TRUE,PENDING
794488155,1439420165,2023-06-01 00:00:00 UTC,2000.0,800.0,TRUE,FALSE,APPROVED
392045862,1180861141,2023-06-01 00:00:00 UTC,1000.0,800.0,TRUE,FALSE,COMPLETED
638123753,1398229709,2023-01-01 00:00:00 UTC,1000.0,1500.0,FALSE,TRUE,APPROVED
846536133,1398229709,2023-06-01 00:00:00 UTC,2000.0,1500.0,TRUE,FALSE,PENDING
760939936,1398229709,2023-06-01 00:00:00 UTC,2000.0,1500.0,FALSE,TRUE,APPROVED
1096492087,951775129,2023-01-01 00:00:00 UTC,2000.0,,FALSE,TRUE,PENDING
1148527325,951775129,2023-06-01 00:00:00 UTC,2000.0,800.0,FALSE,TRUE,COMPLETED
1352254896,840859815,2023-06-01 00:00:00 UTC,1000.0,800.0,FALSE,TRUE,COMPLETED
1331705627,1224300936,2023-06-01 00:00:00 UTC,,1500.0,FALSE,TRUE,COMPLETED
871046199,1224300936,2023-06-01 00:00:00 UTC,1000.0,800.0,TRUE,FALSE,PENDING
2099955003,1224300936,2023-06-01 00:00:00 UTC,2000.0,800.0,TRUE,FALSE,PENDING
676857344,1029413620,2023-06-01 00:00:00 UTC,1000.0,,TRUE,FALSE,APPROVED
167778567,1029413620,2023-01-01 00:00:00 UTC,,,TRUE,FALSE,COMPLETED
1237024476,1029413620,2023-06-01 00:00:00 UTC,,800.0,FALSE,TRUE,PENDING
2083782179,126591564,2023-01-01 00:00:00 UTC,1000.0,1500.0,TRUE,FALSE,APPROVED
1561032529,1157138452,2023-01-01 00:00:00 UTC,2000.0,800.0,TRUE,FALSE,COMPLETED
364941466,1157138452,2023-06-01 00:00:00 UTC,1000.0,1500.0,FALSE,TRUE,APPROVED
1488160914,895334175,2023-06-01 00:00:00 UTC,1000.0,,FALSE,TRUE,PENDING
859235362,895334175,2023-06-01 00:00:00 UTC,,800.0,FALSE,TRUE,PENDING
156232486,1816148921,2023-06-01 00:00:00 UTC,2000.0,800.0,FALSE,TRUE,APPROVED
1409154452,1826904509,2023-01-01 00:00:00 UTC,2000.0,1500.0,TRUE,FALSE,COMPLETED
1993610314,1826904509,2023-06-01 00:00:00 UTC,2000.0,,FALSE,TRUE,APPROVED
559126413,1826904509,2023-01-01 00:00:00 UTC,2000.0,1500.0,TRUE,FALSE,PENDING
1277203754,725827073,2024-01-01 00:00:00 UTC,120.0,,TRUE,FALSE,APPROVED
581792947,536395996,2024-01-01 00:00:00 UTC,600.0,,TRUE,FALSE,APPROVED
662353572,567093117,2024-01-03 00:00:00 UTC,1200.0,,TRUE,FALSE,APPROVED
1928226603,536395996,2024-01-05 00:00:00 UTC,1200.0,,TRUE,FALSE,APPROVED
363456532,567093117,2024-01-06 00:00:00 UTC,600.0,,TRUE,FALSE,APPROVED
1464283268,536395996,2024-01-08 00:00:00 UTC,600.0,,TRUE,FALSE,APPROVED
105232847,536395996,2024-01-09 00:00:00 UTC,120.0,,TRUE,FALSE,APPROVED
865618368,567093117,2024-01-10 00:00:00 UTC,1200.0,,TRUE,FALSE,APPROVED
2069564641,725827073,2024-01-11 00:00:00 UTC,120.0,,TRUE,FALSE,APPROVED
1966589334,536395996,2024-01-11 00:00:00 UTC,600.0,,TRUE,FALSE,APPROVED
13727450,567093117,2024-01-13 00:00:00 UTC,600.0,,TRUE,FALSE,APPROVED
47726950,567093117,2024-01-14 00:00:00 UTC,120.0,,TRUE,FALSE,APPROVED
1908696701,567093117,2024-01-14 00:00:00 UTC,600.0,,TRUE,FALSE,APPROVED
1524321626,725827073,2024-01-16 00:00:00 UTC,600.0,,TRUE,FALSE,APPROVED
1550704789,567093117,2024-01-18 00:00:00 UTC,120.0,,TRUE,FALSE,APPROVED
186847111,725827073,2024-01-19 00:00:00 UTC,1200.0,,TRUE,FALSE,APPROVED
437873593,725827073,2024-01-19 00:00:00 UTC,120.0,,TRUE,FALSE,APPROVED
1517023381,567093117,2024-01-20 00:00:00 UTC,1200.0,,TRUE,FALSE,APPROVED
567389748,725827073,2024-01-22 00:00:00 UTC,120.0,,TRUE,FALSE,APPROVED
404676600,536395996,2024-01-22 00:00:00 UTC,600.0,,TRUE,FALSE,APPROVED
1036667734,567093117,2024-01-23 00:00:00 UTC,120.0,,TRUE,FALSE,APPROVED
717860521,536395996,2024-01-23 00:00:00 UTC,1200.0,,TRUE,FALSE,APPROVED
1430739793,725827073,2024-01-24 00:00:00 UTC,600.0,,TRUE,FALSE,APPROVED
883275959,567093117,2024-01-25 00:00:00 UTC,1200.0,,TRUE,FALSE,APPROVED
228102334,536395996,2024-01-27 00:00:00 UTC,120.0,,TRUE,FALSE,APPROVED
403453955,567093117,2024-01-28 00:00:00 UTC,1200.0,,TRUE,FALSE,APPROVED
266794940,725827073,2024-01-28 00:00:00 UTC,1200.0,,TRUE,FALSE,APPROVED
1388794944,536395996,2024-01-29 00:00:00 UTC,600.0,,TRUE,FALSE,APPROVED
1332602549,725827073,2024-01-30 00:00:00 UTC,1200.0,,TRUE,FALSE,APPROVED
541236932,725827073,2024-01-30 00:00:00 UTC,120.0,,TRUE,FALSE,APPROVED
1837141473,536395996,2024-01-30 00:00:00 UTC,1200.0,,TRUE,FALSE,APPROVED
288758903,567093117,2024-02-02 00:00:00 UTC,120.0,,TRUE,FALSE,APPROVED
59107648,567093117,2024-02-02 00:00:00 UTC,600.0,,TRUE,FALSE,APPROVED
1846268882,536395996,2024-02-03 00:00:00 UTC,120.0,,TRUE,FALSE,APPROVED
1439785245,725827073,2024-02-04 00:00:00 UTC,120.0,,TRUE,FALSE,APPROVED
2057793267,567093117,2024-02-06 00:00:00 UTC,120.0,,TRUE,FALSE,APPROVED
1202351024,725827073,2024-02-06 00:00:00 UTC,1200.0,,TRUE,FALSE,APPROVED
517184581,536395996,2024-02-06 00:00:00 UTC,600.0,,TRUE,FALSE,APPROVED
1338763592,536395996,2024-02-07 00:00:00 UTC,1200.0,,TRUE,FALSE,APPROVED
939290460,536395996,2024-02-08 00:00:00 UTC,1200.0,,TRUE,FALSE,APPROVED
325992915,536395996,2024-02-12 00:00:00 UTC,1200.0,,TRUE,FALSE,APPROVED
560208885,567093117,2024-02-13 00:00:00 UTC,1200.0,,TRUE,FALSE,APPROVED
784852549,725827073,2024-02-13 00:00:00 UTC,1200.0,,TRUE,FALSE,APPROVED
692350793,536395996,2024-02-13 00:00:00 UTC,600.0,,TRUE,FALSE,APPROVED
1399992753,567093117,2024-02-14 00:00:00 UTC,120.0,,TRUE,FALSE,APPROVED
414868062,536395996,2024-02-14 00:00:00 UTC,1200.0,,TRUE,FALSE,APPROVED
1088240920,536395996,2024-02-15 00:00:00 UTC,1200.0,,TRUE,FALSE,APPROVED
1287357482,725827073,2024-02-17 00:00:00 UTC,1200.0,,TRUE,FALSE,APPROVED
504813851,536395996,2024-02-17 00:00:00 UTC,600.0,,TRUE,FALSE,APPROVED
765936321,725827073,2024-02-18 00:00:00 UTC,600.0,,TRUE,FALSE,APPROVED
185984084,536395996,2024-02-19 00:00:00 UTC,600.0,,TRUE,FALSE,APPROVED
193557939,567093117,2024-02-20 00:00:00 UTC,1200.0,,TRUE,FALSE,APPROVED
2057935118,536395996,2024-02-21 00:00:00 UTC,600.0,,TRUE,FALSE,APPROVED
394184224,725827073,2024-02-22 00:00:00 UTC,1200.0,,TRUE,FALSE,APPROVED
1305751168,567093117,2024-02-23 00:00:00 UTC,120.0,,TRUE,FALSE,APPROVED
970133448,536395996,2024-02-24 00:00:00 UTC,1200.0,,TRUE,FALSE,APPROVED
1381369619,725827073,2024-02-25 00:00:00 UTC,120.0,,TRUE,FALSE,APPROVED
621991231,567093117,2024-02-26 00:00:00 UTC,120.0,,TRUE,FALSE,APPROVED
617005816,536395996,2024-02-26 00:00:00 UTC,600.0,,TRUE,FALSE,APPROVED
105076775,567093117,2024-02-27 00:00:00 UTC,1200.0,,TRUE,FALSE,APPROVED
1614321751,536395996,2024-02-27 00:00:00 UTC,1200.0,,TRUE,FALSE,APPROVED
34698687,725827073,2024-02-28 00:00:00 UTC,1200.0,,TRUE,FALSE,APPROVED
1862783570,536395996,2024-02-28 00:00:00 UTC,600.0,,TRUE,FALSE,APPROVED
1240741562,567093117,2024-03-01 00:00:00 UTC,1200.0,,TRUE,FALSE,APPROVED
1899393296,536395996,2024-03-01 00:00:00 UTC,600.0,,TRUE,FALSE,APPROVED
1679321923,567093117,2024-03-02 00:00:00 UTC,120.0,,TRUE,FALSE,APPROVED
663943207,725827073,2024-03-03 00:00:00 UTC,120.0,,TRUE,FALSE,APPROVED
580454727,567093117,2024-03-06 00:00:00 UTC,600.0,,TRUE,FALSE,APPROVED
617785912,567093117,2024-03-07 00:00:00 UTC,120.0,,TRUE,FALSE,APPROVED
1448366839,536395996,2024-03-07 00:00:00 UTC,1200.0,,TRUE,FALSE,APPROVED
1371483722,536395996,2024-03-07 00:00:00 UTC,600.0,,TRUE,FALSE,APPROVED
22562606,567093117,2024-03-08 00:00:00 UTC,600.0,,TRUE,FALSE,APPROVED
1632928602,725827073,2024-03-09 00:00:00 UTC,600.0,,TRUE,FALSE,APPROVED
679888308,567093117,2024-03-10 00:00:00 UTC,600.0,,TRUE,FALSE,APPROVED
189978861,725827073,2024-03-11 00:00:00 UTC,600.0,,TRUE,FALSE,APPROVED
1004901890,536395996,2024-03-11 00:00:00 UTC,120.0,,TRUE,FALSE,APPROVED
765394117,536395996,2024-03-12 00:00:00 UTC,120.0,,TRUE,FALSE,APPROVED
1839384085,536395996,2024-03-13 00:00:00 UTC,1200.0,,TRUE,FALSE,APPROVED
1724014933,567093117,2024-03-14 00:00:00 UTC,600.0,,TRUE,FALSE,APPROVED
564083235,536395996,2024-03-14 00:00:00 UTC,600.0,,TRUE,FALSE,APPROVED
590104686,567093117,2024-03-15 00:00:00 UTC,600.0,,TRUE,FALSE,APPROVED
701658831,536395996,2024-03-16 00:00:00 UTC,1200.0,,TRUE,FALSE,APPROVED
226398145,567093117,2024-03-18 00:00:00 UTC,600.0,,TRUE,FALSE,APPROVED
1019911199,725827073,2024-03-20 00:00:00 UTC,1200.0,,TRUE,FALSE,APPROVED
1055413280,536395996,2024-03-20 00:00:00 UTC,1200.0,,TRUE,FALSE,APPROVED
1776047123,567093117,2024-03-22 00:00:00 UTC,120.0,,TRUE,FALSE,APPROVED
1279025399,725827073,2024-03-25 00:00:00 UTC,120.0,,TRUE,FALSE,APPROVED
755313235,536395996,2024-03-25 00:00:00 UTC,1200.0,,TRUE,FALSE,APPROVED
747544883,536395996,2024-03-28 00:00:00 UTC,120.0,,TRUE,FALSE,APPROVED
1938346167,567093117,2024-03-29 00:00:00 UTC,120.0,,TRUE,FALSE,APPROVED
707268350,536395996,2024-03-30 00:00:00 UTC,600.0,,TRUE,FALSE,APPROVED
1271260759,567093117,2024-04-01 00:00:00 UTC,1200.0,,TRUE,FALSE,APPROVED
1170004378,567093117,2024-04-01 00:00:00 UTC,120.0,,TRUE,FALSE,APPROVED
1620575978,725827073,2024-04-02 00:00:00 UTC,120.0,,TRUE,FALSE,APPROVED
1539456671,536395996,2024-04-02 00:00:00 UTC,120.0,,TRUE,FALSE,APPROVED
354024321,567093117,2024-04-06 00:00:00 UTC,600.0,,TRUE,FALSE,APPROVED
1023342128,567093117,2024-04-07 00:00:00 UTC,600.0,,TRUE,FALSE,APPROVED
1019329422,725827073,2024-04-08 00:00:00 UTC,600.0,,TRUE,FALSE,APPROVED
724407241,567093117,2024-04-10 00:00:00 UTC,1200.0,,TRUE,FALSE,APPROVED
1396658058,725827073,2024-04-10 00:00:00 UTC,1200.0,,TRUE,FALSE,APPROVED
1152544526,567093117,2024-04-11 00:00:00 UTC,600.0,,TRUE,FALSE,APPROVED
72082577,567093117,2024-04-14 00:00:00 UTC,120.0,,TRUE,FALSE,APPROVED
2021197714,725827073,2024-04-14 00:00:00 UTC,120.0,,TRUE,FALSE,APPROVED
1492291472,536395996,2024-04-14 00:00:00 UTC,1200.0,,TRUE,FALSE,APPROVED
1536176900,567093117,2024-04-15 00:00:00 UTC,600.0,,TRUE,FALSE,APPROVED
251691849,725827073,2024-04-16 00:00:00 UTC,600.0,,TRUE,FALSE,APPROVED
456783589,567093117,2024-04-17 00:00:00 UTC,1200.0,,TRUE,FALSE,APPROVED
996142722,725827073,2024-04-17 00:00:00 UTC,1200.0,,TRUE,FALSE,APPROVED
956687483,536395996,2024-04-17 00:00:00 UTC,600.0,,TRUE,FALSE,APPROVED
162068313,567093117,2024-04-18 00:00:00 UTC,1200.0,,TRUE,FALSE,APPROVED
1704013107,567093117,2024-04-18 00:00:00 UTC,120.0,,TRUE,FALSE,APPROVED
1899746477,567093117,2024-04-18 00:00:00 UTC,600.0,,TRUE,FALSE,APPROVED
64611484,725827073,2024-04-18 00:00:00 UTC,600.0,,TRUE,FALSE,APPROVED
1431608448,567093117,2024-04-19 00:00:00 UTC,120.0,,TRUE,FALSE,APPROVED
805107252,567093117,2024-04-20 00:00:00 UTC,600.0,,TRUE,FALSE,APPROVED
2119858035,725827073,2024-04-20 00:00:00 UTC,1200.0,,TRUE,FALSE,APPROVED
574250057,536395996,2024-04-20 00:00:00 UTC,120.0,,TRUE,FALSE,APPROVED
626904036,725827073,2024-04-21 00:00:00 UTC,1200.0,,TRUE,FALSE,APPROVED
255926272,536395996,2024-04-21 00:00:00 UTC,600.0,,TRUE,FALSE,APPROVED
629335326,567093117,2024-04-24 00:00:00 UTC,600.0,,TRUE,FALSE,APPROVED
364361807,536395996,2024-04-24 00:00:00 UTC,120.0,,TRUE,FALSE,APPROVED
632092586,567093117,2024-04-27 00:00:00 UTC,600.0,,TRUE,FALSE,APPROVED
1184059204,725827073,2024-04-27 00:00:00 UTC,120.0,,TRUE,FALSE,APPROVED
276340166,536395996,2024-04-27 00:00:00 UTC,1200.0,,TRUE,FALSE,APPROVED
1706505100,567093117,2024-04-30 00:00:00 UTC,1200.0,,TRUE,FALSE,APPROVED
1246412553,567093117,2024-05-01 00:00:00 UTC,1200.0,,TRUE,FALSE,APPROVED
904893365,725827073,2024-05-01 00:00:00 UTC,1200.0,,TRUE,FALSE,APPROVED
1865817765,567093117,2024-05-02 00:00:00 UTC,600.0,,TRUE,FALSE,APPROVED
1044072631,567093117,2024-05-03 00:00:00 UTC,1200.0,,TRUE,FALSE,APPROVED
608631455,567093117,2024-05-03 00:00:00 UTC,120.0,,TRUE,FALSE,APPROVED
1647966614,567093117,2024-05-04 00:00:00 UTC,1200.0,,TRUE,FALSE,APPROVED
1013449113,567093117,2024-05-04 00:00:00 UTC,120.0,,TRUE,FALSE,APPROVED
2121209102,567093117,2024-05-04 00:00:00 UTC,600.0,,TRUE,FALSE,APPROVED
2080887176,725827073,2024-05-04 00:00:00 UTC,600.0,,TRUE,FALSE,APPROVED
1715584922,725827073,2024-05-05 00:00:00 UTC,120.0,,TRUE,FALSE,APPROVED
1909260732,567093117,2024-05-06 00:00:00 UTC,1200.0,,TRUE,FALSE,APPROVED
252145328,725827073,2024-05-10 00:00:00 UTC,600.0,,TRUE,FALSE,APPROVED
893615825,536395996,2024-05-10 00:00:00 UTC,1200.0,,TRUE,FALSE,APPROVED
1028606177,536395996,2024-05-10 00:00:00 UTC,600.0,,TRUE,FALSE,APPROVED
1260671774,567093117,2024-05-12 00:00:00 UTC,1200.0,,TRUE,FALSE,APPROVED
864837531,725827073,2024-05-12 00:00:00 UTC,120.0,,TRUE,FALSE,APPROVED
1418938422,536395996,2024-05-12 00:00:00 UTC,600.0,,TRUE,FALSE,APPROVED
1623428189,567093117,2024-05-13 00:00:00 UTC,600.0,,TRUE,FALSE,APPROVED
361890324,536395996,2024-05-13 00:00:00 UTC,600.0,,TRUE,FALSE,APPROVED
1812075319,536395996,2024-05-14 00:00:00 UTC,1200.0,,TRUE,FALSE,APPROVED
1752676505,725827073,2024-05-15 00:00:00 UTC,1200.0,,TRUE,FALSE,APPROVED
2038401610,536395996,2024-05-15 00:00:00 UTC,120.0,,TRUE,FALSE,APPROVED
203430784,567093117,2024-05-17 00:00:00 UTC,600.0,,TRUE,FALSE,APPROVED
166298151,536395996,2024-05-17 00:00:00 UTC,1200.0,,TRUE,FALSE,APPROVED
1071866496,536395996,2024-05-17 00:00:00 UTC,600.0,,TRUE,FALSE,APPROVED
148615526,725827073,2024-05-18 00:00:00 UTC,120.0,,TRUE,FALSE,APPROVED
1068348560,567093117,2024-05-19 00:00:00 UTC,120.0,,TRUE,FALSE,APPROVED
1230624674,536395996,2024-05-20 00:00:00 UTC,1200.0,,TRUE,FALSE,APPROVED
695602728,567093117,2024-05-21 00:00:00 UTC,120.0,,TRUE,FALSE,APPROVED
1894436101,536395996,2024-05-21 00:00:00 UTC,120.0,,TRUE,FALSE,APPROVED
2046559640,725827073,2024-05-23 00:00:00 UTC,600.0,,TRUE,FALSE,APPROVED
55997040,567093117,2024-05-24 00:00:00 UTC,1200.0,,TRUE,FALSE,APPROVED
1022460884,536395996,2024-05-24 00:00:00 UTC,120.0,,TRUE,FALSE,APPROVED
1334734088,567093117,2024-05-25 00:00:00 UTC,600.0,,TRUE,FALSE,APPROVED
54445356,567093117,2024-05-26 00:00:00 UTC,120.0,,TRUE,FALSE,APPROVED
1060930183,567093117,2024-05-27 00:00:00 UTC,1200.0,,TRUE,FALSE,APPROVED
1633283184,536395996,2024-05-28 00:00:00 UTC,120.0,,TRUE,FALSE,APPROVED
558633630,536395996,2024-05-30 00:00:00 UTC,600.0,,TRUE,FALSE,APPROVED
1194096356,567093117,2024-05-31 00:00:00 UTC,120.0,,TRUE,FALSE,APPROVED
58665805,725827073,2024-06-01 00:00:00 UTC,1200.0,,TRUE,FALSE,APPROVED
1130515856,725827073,2024-06-01 00:00:00 UTC,600.0,,TRUE,FALSE,APPROVED
1988452964,567093117,2024-06-02 00:00:00 UTC,1200.0,,TRUE,FALSE,APPROVED
781469136,536395996,2024-06-02 00:00:00 UTC,600.0,,TRUE,FALSE,APPROVED
845460955,725827073,2024-06-03 00:00:00 UTC,1200.0,,TRUE,FALSE,APPROVED
1206558154,725827073,2024-06-03 00:00:00 UTC,120.0,,TRUE,FALSE,APPROVED
972824790,725827073,2024-06-05 00:00:00 UTC,1200.0,,TRUE,FALSE,APPROVED
1923235236,536395996,2024-06-05 00:00:00 UTC,1200.0,,TRUE,FALSE,APPROVED
251344438,725827073,2024-06-07 00:00:00 UTC,1200.0,,TRUE,FALSE,APPROVED
361304478,536395996,2024-06-08 00:00:00 UTC,120.0,,TRUE,FALSE,APPROVED
2111620946,536395996,2024-06-12 00:00:00 UTC,1200.0,,TRUE,FALSE,APPROVED
1224222640,725827073,2024-06-16 00:00:00 UTC,1200.0,,TRUE,FALSE,APPROVED
1627377840,536395996,2024-06-16 00:00:00 UTC,600.0,,TRUE,FALSE,APPROVED
1056432342,567093117,2024-06-17 00:00:00 UTC,120.0,,TRUE,FALSE,APPROVED
1424505079,567093117,2024-06-18 00:00:00 UTC,1200.0,,TRUE,FALSE,APPROVED
1426823144,567093117,2024-06-20 00:00:00 UTC,1200.0,,TRUE,FALSE,APPROVED
366906313,567093117,2024-06-20 00:00:00 UTC,600.0,,TRUE,FALSE,APPROVED
1331494557,725827073,2024-06-20 00:00:00 UTC,120.0,,TRUE,FALSE,APPROVED
1960945773,567093117,2024-06-21 00:00:00 UTC,120.0,,TRUE,FALSE,APPROVED
428066674,725827073,2024-06-21 00:00:00 UTC,600.0,,TRUE,FALSE,APPROVED
1123610550,567093117,2024-06-22 00:00:00 UTC,120.0,,TRUE,FALSE,APPROVED
970139763,567093117,2024-06-23 00:00:00 UTC,600.0,,TRUE,FALSE,APPROVED
791401789,536395996,2024-06-23 00:00:00 UTC,120.0,,TRUE,FALSE,APPROVED
243446120,567093117,2024-06-24 00:00:00 UTC,1200.0,,TRUE,FALSE,APPROVED
26621188,567093117,2024-06-24 00:00:00 UTC,120.0,,TRUE,FALSE,APPROVED
678414747,536395996,2024-06-24 00:00:00 UTC,1200.0,,TRUE,FALSE,APPROVED
1529838190,725827073,2024-06-25 00:00:00 UTC,1200.0,,TRUE,FALSE,APPROVED
1305128407,536395996,2024-06-25 00:00:00 UTC,120.0,,TRUE,FALSE,APPROVED
881067573,567093117,2024-06-26 00:00:00 UTC,600.0,,TRUE,FALSE,APPROVED
1850116370,536395996,2024-06-26 00:00:00 UTC,120.0,,TRUE,FALSE,APPROVED
1420807413,536395996,2024-06-28 00:00:00 UTC,1200.0,,TRUE,FALSE,APPROVED
1205431376,725827073,2024-06-29 00:00:00 UTC,600.0,,TRUE,FALSE,APPROVED
1625606216,725827073,2024-07-01 00:00:00 UTC,120.0,,TRUE,FALSE,APPROVED
2048773549,725827073,2024-07-05 00:00:00 UTC,600.0,,TRUE,FALSE,APPROVED
1322730288,536395996,2024-07-05 00:00:00 UTC,1200.0,,TRUE,FALSE,APPROVED
314171173,536395996,2024-07-05 00:00:00 UTC,120.0,,TRUE,FALSE,APPROVED
31900701,536395996,2024-07-05 00:00:00 UTC,600.0,,TRUE,FALSE,APPROVED
1617245364,536395996,2024-07-10 00:00:00 UTC,1200.0,,TRUE,FALSE,APPROVED
1649367784,536395996,2024-07-10 00:00:00 UTC,120.0,,TRUE,FALSE,APPROVED
1337504161,725827073,2024-07-11 00:00:00 UTC,120.0,,TRUE,FALSE,APPROVED
1029900185,725827073,2024-07-12 00:00:00 UTC,600.0,,TRUE,FALSE,APPROVED
1558169548,536395996,2024-07-12 00:00:00 UTC,120.0,,TRUE,FALSE,APPROVED
1444470707,725827073,2024-07-13 00:00:00 UTC,120.0,,TRUE,FALSE,APPROVED
2097792128,567093117,2024-07-14 00:00:00 UTC,120.0,,TRUE,FALSE,APPROVED
152541831,536395996,2024-07-14 00:00:00 UTC,1200.0,,TRUE,FALSE,APPROVED
518162745,536395996,2024-07-14 00:00:00 UTC,120.0,,TRUE,FALSE,APPROVED
1236443210,536395996,2024-07-14 00:00:00 UTC,600.0,,TRUE,FALSE,APPROVED
822808258,567093117,2024-07-15 00:00:00 UTC,120.0,,TRUE,FALSE,APPROVED
1893326284,725827073,2024-07-15 00:00:00 UTC,600.0,,TRUE,FALSE,APPROVED
1832253261,567093117,2024-07-17 00:00:00 UTC,120.0,,TRUE,FALSE,APPROVED
346842933,725827073,2024-07-17 00:00:00 UTC,1200.0,,TRUE,FALSE,APPROVED
87752861,725827073,2024-07-17 00:00:00 UTC,600.0,,TRUE,FALSE,APPROVED
1717996223,536395996,2024-07-17 00:00:00 UTC,120.0,,TRUE,FALSE,APPROVED
680286579,567093117,2024-07-20 00:00:00 UTC,1200.0,,TRUE,FALSE,APPROVED
2078652207,725827073,2024-07-20 00:00:00 UTC,1200.0,,TRUE,FALSE,APPROVED
102699319,567093117,2024-07-22 00:00:00 UTC,600.0,,TRUE,FALSE,APPROVED
742471773,567093117,2024-07-23 00:00:00 UTC,1200.0,,TRUE,FALSE,APPROVED
422643821,725827073,2024-07-23 00:00:00 UTC,1200.0,,TRUE,FALSE,APPROVED
911212123,567093117,2024-07-24 00:00:00 UTC,120.0,,TRUE,FALSE,APPROVED
825048036,725827073,2024-07-25 00:00:00 UTC,120.0,,TRUE,FALSE,APPROVED
2022075705,725827073,2024-07-27 00:00:00 UTC,1200.0,,TRUE,FALSE,APPROVED
1204353214,725827073,2024-07-27 00:00:00 UTC,600.0,,TRUE,FALSE,APPROVED
291347091,725827073,2024-07-28 00:00:00 UTC,1200.0,,TRUE,FALSE,APPROVED
1192551756,567093117,2024-07-29 00:00:00 UTC,120.0,,TRUE,FALSE,APPROVED
1082479607,536395996,2024-07-30 00:00:00 UTC,120.0,,TRUE,FALSE,APPROVED
2095480829,725827073,2024-08-01 00:00:00 UTC,120.0,,TRUE,FALSE,APPROVED
2030646628,536395996,2024-08-03 00:00:00 UTC,1200.0,,TRUE,FALSE,APPROVED
446768447,725827073,2024-08-04 00:00:00 UTC,120.0,,TRUE,FALSE,APPROVED
160218119,536395996,2024-08-04 00:00:00 UTC,120.0,,TRUE,FALSE,APPROVED
1563028088,536395996,2024-08-08 00:00:00 UTC,120.0,,TRUE,FALSE,APPROVED
1094239075,536395996,2024-08-12 00:00:00 UTC,1200.0,,TRUE,FALSE,APPROVED
253048396,536395996,2024-08-12 00:00:00 UTC,600.0,,TRUE,FALSE,APPROVED
1341944464,567093117,2024-08-14 00:00:00 UTC,600.0,,TRUE,FALSE,APPROVED
910714794,536395996,2024-08-14 00:00:00 UTC,1200.0,,TRUE,FALSE,APPROVED
1975050173,725827073,2024-08-15 00:00:00 UTC,600.0,,TRUE,FALSE,APPROVED
2082814491,725827073,2024-08-17 00:00:00 UTC,600.0,,TRUE,FALSE,APPROVED
571073975,536395996,2024-08-17 00:00:00 UTC,120.0,,TRUE,FALSE,APPROVED
768074966,567093117,2024-08-20 00:00:00 UTC,120.0,,TRUE,FALSE,APPROVED
1425262171,725827073,2024-08-23 00:00:00 UTC,120.0,,TRUE,FALSE,APPROVED
1994944640,725827073,2024-08-23 00:00:00 UTC,600.0,,TRUE,FALSE,APPROVED
283121511,536395996,2024-08-23 00:00:00 UTC,120.0,,TRUE,FALSE,APPROVED
1158902926,567093117,2024-08-27 00:00:00 UTC,120.0,,TRUE,FALSE,APPROVED
800064424,725827073,2024-08-27 00:00:00 UTC,120.0,,TRUE,FALSE,APPROVED
1667274512,725827073,2024-08-28 00:00:00 UTC,120.0,,TRUE,FALSE,APPROVED
1805886894,567093117,2024-08-29 00:00:00 UTC,120.0,,TRUE,FALSE,APPROVED
1470220369,567093117,2024-08-30 00:00:00 UTC,1200.0,,TRUE,FALSE,APPROVED
717162949,725827073,2024-08-31 00:00:00 UTC,1200.0,,TRUE,FALSE,APPROVED
454754389,567093117,2024-09-01 00:00:00 UTC,1200.0,,TRUE,FALSE,APPROVED
1618548548,725827073,2024-09-06 00:00:00 UTC,1200.0,,TRUE,FALSE,APPROVED
1610712409,725827073,2024-09-06 00:00:00 UTC,120.0,,TRUE,FALSE,APPROVED
459993381,567093117,2024-09-07 00:00:00 UTC,1200.0,,TRUE,FALSE,APPROVED
1898324245,567093117,2024-09-08 00:00:00 UTC,120.0,,TRUE,FALSE,APPROVED
1796848708,725827073,2024-09-10 00:00:00 UTC,1200.0,,TRUE,FALSE,APPROVED
696182704,567093117,2024-09-12 00:00:00 UTC,120.0,,TRUE,FALSE,APPROVED
1233310771,567093117,2024-09-12 00:00:00 UTC,600.0,,TRUE,FALSE,APPROVED
561178895,567093117,2024-09-14 00:00:00 UTC,120.0,,TRUE,FALSE,APPROVED
2042378344,725827073,2024-09-14 00:00:00 UTC,1200.0,,TRUE,FALSE,APPROVED
1386433947,725827073,2024-09-14 00:00:00 UTC,120.0,,TRUE,FALSE,APPROVED
1920149279,567093117,2024-09-16 00:00:00 UTC,600.0,,TRUE,FALSE,APPROVED
759312545,725827073,2024-09-16 00:00:00 UTC,1200.0,,TRUE,FALSE,APPROVED
230103121,567093117,2024-09-22 00:00:00 UTC,600.0,,TRUE,FALSE,APPROVED
1481889961,536395996,2024-09-24 00:00:00 UTC,600.0,,TRUE,FALSE,APPROVED
621826653,567093117,2024-09-25 00:00:00 UTC,600.0,,TRUE,FALSE,APPROVED
1204600253,725827073,2024-09-25 00:00:00 UTC,600.0,,TRUE,FALSE,APPROVED
77574456,567093117,2024-09-26 00:00:00 UTC,120.0,,TRUE,FALSE,APPROVED
1114930961,567093117,2024-09-27 00:00:00 UTC,600.0,,TRUE,FALSE,APPROVED
954873289,725827073,2024-09-27 00:00:00 UTC,1200.0,,TRUE,FALSE,APPROVED
1853289567,536395996,2024-09-29 00:00:00 UTC,600.0,,TRUE,FALSE,APPROVED
1190891343,567093117,2024-10-01 00:00:00 UTC,600.0,,TRUE,FALSE,APPROVED
1240226245,536395996,2024-10-01 00:00:00 UTC,120.0,,TRUE,FALSE,APPROVED
140884588,536395996,2024-10-04 00:00:00 UTC,600.0,,TRUE,FALSE,APPROVED
1600914231,536395996,2024-10-06 00:00:00 UTC,600.0,,TRUE,FALSE,APPROVED
1521520903,567093117,2024-10-09 00:00:00 UTC,120.0,,TRUE,FALSE,APPROVED
1168478211,725827073,2024-10-10 00:00:00 UTC,1200.0,,TRUE,FALSE,APPROVED
1721618380,725827073,2024-10-11 00:00:00 UTC,1200.0,,TRUE,FALSE,APPROVED
154580172,725827073,2024-10-11 00:00:00 UTC,120.0,,TRUE,FALSE,APPROVED
1552815312,725827073,2024-10-13 00:00:00 UTC,600.0,,TRUE,FALSE,APPROVED
207593006,536395996,2024-10-14 00:00:00 UTC,120.0,,TRUE,FALSE,APPROVED
535881256,725827073,2024-10-18 00:00:00 UTC,600.0,,TRUE,FALSE,APPROVED
1444861390,536395996,2024-10-18 00:00:00 UTC,120.0,,TRUE,FALSE,APPROVED
549813952,536395996,2024-10-18 00:00:00 UTC,600.0,,TRUE,FALSE,APPROVED
767804339,567093117,2024-10-19 00:00:00 UTC,600.0,,TRUE,FALSE,APPROVED
923853564,725827073,2024-10-20 00:00:00 UTC,600.0,,TRUE,FALSE,APPROVED
1093905064,567093117,2024-10-22 00:00:00 UTC,1200.0,,TRUE,FALSE,APPROVED
187795726,725827073,2024-10-22 00:00:00 UTC,600.0,,TRUE,FALSE,APPROVED
1813313530,567093117,2024-10-23 00:00:00 UTC,1200.0,,TRUE,FALSE,APPROVED
167954473,725827073,2024-10-23 00:00:00 UTC,600.0,,TRUE,FALSE,APPROVED
328115880,536395996,2024-10-23 00:00:00 UTC,600.0,,TRUE,FALSE,APPROVED
1894857612,536395996,2024-10-24 00:00:00 UTC,120.0,,TRUE,FALSE,APPROVED
1956147031,567093117,2024-10-25 00:00:00 UTC,1200.0,,TRUE,FALSE,APPROVED
668309877,567093117,2024-10-30 00:00:00 UTC,120.0,,TRUE,FALSE,APPROVED
5867273,536395996,2024-11-01 00:00:00 UTC,120.0,,TRUE,FALSE,APPROVED
446455052,567093117,2024-11-02 00:00:00 UTC,120.0,,TRUE,FALSE,APPROVED
881403674,725827073,2024-11-02 00:00:00 UTC,1200.0,,TRUE,FALSE,APPROVED
2040237272,536395996,2024-11-02 00:00:00 UTC,1200.0,,TRUE,FALSE,APPROVED
319165829,725827073,2024-11-08 00:00:00 UTC,120.0,,TRUE,FALSE,APPROVED
575363741,536395996,2024-11-08 00:00:00 UTC,600.0,,TRUE,FALSE,APPROVED
781950652,567093117,2024-11-10 00:00:00 UTC,600.0,,TRUE,FALSE,APPROVED
456875384,567093117,2024-11-11 00:00:00 UTC,120.0,,TRUE,FALSE,APPROVED
1241798623,536395996,2024-11-12 00:00:00 UTC,1200.0,,TRUE,FALSE,APPROVED
1764893219,536395996,2024-11-13 00:00:00 UTC,1200.0,,TRUE,FALSE,APPROVED
1598662967,725827073,2024-11-14 00:00:00 UTC,1200.0,,TRUE,FALSE,APPROVED
752092874,725827073,2024-11-15 00:00:00 UTC,120.0,,TRUE,FALSE,APPROVED
1126043252,567093117,2024-11-16 00:00:00 UTC,1200.0,,TRUE,FALSE,APPROVED
740194531,725827073,2024-11-18 00:00:00 UTC,120.0,,TRUE,FALSE,APPROVED
398109113,536395996,2024-11-19 00:00:00 UTC,600.0,,TRUE,FALSE,APPROVED
522372574,567093117,2024-11-20 00:00:00 UTC,1200.0,,TRUE,FALSE,APPROVED
1011668887,725827073,2024-11-21 00:00:00 UTC,1200.0,,TRUE,FALSE,APPROVED
2137819,725827073,2024-11-23 00:00:00 UTC,600.0,,TRUE,FALSE,APPROVED
915006034,536395996,2024-11-23 00:00:00 UTC,120.0,,TRUE,FALSE,APPROVED
1170993069,536395996,2024-11-24 00:00:00 UTC,120.0,,TRUE,FALSE,APPROVED
1850774499,536395996,2024-11-25 00:00:00 UTC,600.0,,TRUE,FALSE,APPROVED
1416375980,725827073,2024-11-26 00:00:00 UTC,120.0,,TRUE,FALSE,APPROVED
1517437665,725827073,2024-11-28 00:00:00 UTC,1200.0,,TRUE,FALSE,APPROVED
1735104947,536395996,2024-11-28 00:00:00 UTC,120.0,,TRUE,FALSE,APPROVED
1995381881,567093117,2024-11-29 00:00:00 UTC,1200.0,,TRUE,FALSE,APPROVED
874172980,725827073,2024-11-29 00:00:00 UTC,600.0,,TRUE,FALSE,APPROVED
422055503,536395996,2024-12-03 00:00:00 UTC,120.0,,TRUE,FALSE,APPROVED
512550940,567093117,2024-12-04 00:00:00 UTC,120.0,,TRUE,FALSE,APPROVED
1701461059,536395996,2024-12-07 00:00:00 UTC,1200.0,,TRUE,FALSE,APPROVED
1433260049,536395996,2024-12-07 00:00:00 UTC,600.0,,TRUE,FALSE,APPROVED
875795871,536395996,2024-12-09 00:00:00 UTC,120.0,,TRUE,FALSE,APPROVED
499763682,567093117,2024-12-11 00:00:00 UTC,1200.0,,TRUE,FALSE,APPROVED
1871784164,567093117,2024-12-14 00:00:00 UTC,1200.0,,TRUE,FALSE,APPROVED
1184096502,567093117,2024-12-14 00:00:00 UTC,120.0,,TRUE,FALSE,APPROVED
1020042278,725827073,2024-12-14 00:00:00 UTC,1200.0,,TRUE,FALSE,APPROVED
1116535133,567093117,2024-12-15 00:00:00 UTC,120.0,,TRUE,FALSE,APPROVED
26275802,536395996,2024-12-15 00:00:00 UTC,120.0,,TRUE,FALSE,APPROVED
502010150,567093117,2024-12-16 00:00:00 UTC,1200.0,,TRUE,FALSE,APPROVED
158985033,567093117,2024-12-17 00:00:00 UTC,120.0,,TRUE,FALSE,APPROVED
76165629,725827073,2024-12-17 00:00:00 UTC,600.0,,TRUE,FALSE,APPROVED
667444538,725827073,2024-12-20 00:00:00 UTC,600.0,,TRUE,FALSE,APPROVED
1830976533,567093117,2024-12-21 00:00:00 UTC,1200.0,,TRUE,FALSE,APPROVED
1031272368,725827073,2024-12-21 00:00:00 UTC,1200.0,,TRUE,FALSE,APPROVED
1850012003,725827073,2024-12-21 00:00:00 UTC,120.0,,TRUE,FALSE,APPROVED
888585977,725827073,2024-12-22 00:00:00 UTC,1200.0,,TRUE,FALSE,APPROVED
462876885,536395996,2024-12-22 00:00:00 UTC,1200.0,,TRUE,FALSE,APPROVED
2055543131,725827073,2024-12-23 00:00:00 UTC,120.0,,TRUE,FALSE,APPROVED
484164518,725827073,2024-12-23 00:00:00 UTC,600.0,,TRUE,FALSE,APPROVED
499432406,567093117,2024-12-25 00:00:00 UTC,1200.0,,TRUE,FALSE,APPROVED
1994526405,725827073,2024-12-25 00:00:00 UTC,600.0,,TRUE,FALSE,APPROVED
744729919,725827073,2024-12-26 00:00:00 UTC,600.0,,TRUE,FALSE,APPROVED
1198217158,536395996,2024-12-27 00:00:00 UTC,1200.0,,TRUE,FALSE,APPROVED
1364473720,536395996,2024-12-27 00:00:00 UTC,120.0,,TRUE,FALSE,APPROVED
379117981,536395996,2024-12-27 00:00:00 UTC,600.0,,TRUE,FALSE,APPROVED
1365299149,567093117,2024-12-29 00:00:00 UTC,120.0,,TRUE,FALSE,APPROVED
1362680196,536395996,2024-12-30 00:00:00 UTC,120.0,,TRUE,FALSE,APPROVED
1329523475,536395996,2025-01-02 00:00:00 UTC,600.0,,TRUE,FALSE,APPROVED
1216557577,536395996,2025-01-03 00:00:00 UTC,120.0,,TRUE,FALSE,APPROVED
1625985730,567093117,2025-01-05 00:00:00 UTC,120.0,,TRUE,FALSE,APPROVED
1232379616,725827073,2025-01-07 00:00:00 UTC,1200.0,,TRUE,FALSE,APPROVED
384806395,725827073,2025-01-08 00:00:00 UTC,1200.0,,TRUE,FALSE,APPROVED
642712683,536395996,2025-01-09 00:00:00 UTC,1200.0,,TRUE,FALSE,APPROVED
1698742608,567093117,2025-01-10 00:00:00 UTC,600.0,,TRUE,FALSE,APPROVED
1744141208,725827073,2025-01-10 00:00:00 UTC,120.0,,TRUE,FALSE,APPROVED
1811777051,536395996,2025-01-10 00:00:00 UTC,600.0,,TRUE,FALSE,APPROVED
491085526,1170224326,2020-01-01 00:00:00 UTC,500000.0,,TRUE,FALSE,COMPLETED
1111616651,1170224326,2020-01-01 00:00:00 UTC,500000.0,,TRUE,FALSE,COMPLETED
668787237,1170224326,2020-01-01 00:00:00 UTC,500000.0,,TRUE,FALSE,COMPLETED
131074517,921871707,2020-01-01 00:00:00 UTC,500000.0,,TRUE,FALSE,COMPLETED
1826307771,921871707,2020-01-01 00:00:00 UTC,500000.0,,TRUE,FALSE,COMPLETED
1408056530,921871707,2020-01-01 00:00:00 UTC,500000.0,,TRUE,FALSE,COMPLETED
1023227410,314946885,2020-01-01 00:00:00 UTC,500000.0,,TRUE,FALSE,COMPLETED
1282455229,314946885,2020-01-01 00:00:00 UTC,500000.0,,TRUE,FALSE,COMPLETED
658154631,314946885,2020-01-01 00:00:00 UTC,500000.0,,TRUE,FALSE,COMPLETED
1569116802,EMP001,2024-01-01 00:00:00 UTC,915527.742301563,,TRUE,FALSE,COMPLETED
666736712,EMP001,2024-01-01 00:00:00 UTC,944302.751557162,,TRUE,FALSE,COMPLETED
1846364632,EMP001,2024-01-01 00:00:00 UTC,993445.6890030224,,TRUE,FALSE,COMPLETED
482168171,EMP001,2024-01-01 00:00:00 UTC,1079217.3878704195,,TRUE,FALSE,COMPLETED
2007629216,EMP001,2024-01-01 00:00:00 UTC,1098972.7588310358,,TRUE,FALSE,COMPLETED
784327120,EMP001,2024-01-01 00:00:00 UTC,1013561.9138542735,,TRUE,FALSE,COMPLETED
246018728,EMP001,2024-01-01 00:00:00 UTC,376926.761058891,,TRUE,FALSE,COMPLETED
422592870,EMP001,2024-01-01 00:00:00 UTC,398029.7891063963,,TRUE,FALSE,COMPLETED
237441027,EMP001,2024-01-01 00:00:00 UTC,376619.1750006884,,TRUE,FALSE,COMPLETED
1077584777,EMP001,2024-01-01 00:00:00 UTC,366905.0613775455,,TRUE,FALSE,COMPLETED
92906544,EMP001,2024-01-01 00:00:00 UTC,380146.3789247093,,TRUE,FALSE,COMPLETED
104401345,EMP001,2024-01-01 00:00:00 UTC,415668.4940158642,,TRUE,FALSE,COMPLETED
81463314,EMP001,2024-01-31 00:00:00 UTC,1162006.438064917,,TRUE,FALSE,COMPLETED
418013383,EMP001,2024-01-31 00:00:00 UTC,1172587.866338772,,TRUE,FALSE,COMPLETED
13877597,EMP001,2024-01-31 00:00:00 UTC,1107990.5933115773,,TRUE,FALSE,COMPLETED
1669281918,EMP001,2024-01-31 00:00:00 UTC,1059712.715404869,,TRUE,FALSE,COMPLETED
1695851525,EMP001,2024-01-31 00:00:00 UTC,1152106.2058995739,,TRUE,FALSE,COMPLETED
722033998,EMP001,2024-01-31 00:00:00 UTC,1063950.9397958468,,TRUE,FALSE,COMPLETED
1483151564,EMP001,2024-01-31 00:00:00 UTC,435409.63804176083,,TRUE,FALSE,COMPLETED
394865208,EMP001,2024-01-31 00:00:00 UTC,451809.6277809916,,TRUE,FALSE,COMPLETED
2086716328,EMP001,2024-01-31 00:00:00 UTC,450242.7650413541,,TRUE,FALSE,COMPLETED
1258232725,EMP001,2024-01-31 00:00:00 UTC,455940.5114444018,,TRUE,FALSE,COMPLETED
772466448,EMP001,2024-01-31 00:00:00 UTC,442416.9572204906,,TRUE,FALSE,COMPLETED
86814167,EMP001,2024-01-31 00:00:00 UTC,452728.8256872315,,TRUE,FALSE,COMPLETED
433782279,EMP001,2024-03-01 00:00:00 UTC,1414488.077997827,,TRUE,FALSE,COMPLETED
767617945,EMP001,2024-03-01 00:00:00 UTC,1185855.7044530108,,TRUE,FALSE,COMPLETED
1536885507,EMP001,2024-03-01 00:00:00 UTC,1018699.8868058638,,TRUE,FALSE,COMPLETED
1111227023,EMP001,2024-03-01 00:00:00 UTC,1174190.9037055937,,TRUE,FALSE,COMPLETED
286049378,EMP001,2024-03-01 00:00:00 UTC,1272527.0745808515,,TRUE,FALSE,COMPLETED
498823750,EMP001,2024-03-01 00:00:00 UTC,1056236.4994057068,,TRUE,FALSE,COMPLETED
1985008075,EMP001,2024-03-01 00:00:00 UTC,541860.5845221925,,TRUE,FALSE,COMPLETED
1371237507,EMP001,2024-03-01 00:00:00 UTC,459187.8294506688,,TRUE,FALSE,COMPLETED
1261558807,EMP001,2024-03-01 00:00:00 UTC,462239.1011659632,,TRUE,FALSE,COMPLETED
904909655,EMP001,2024-03-01 00:00:00 UTC,484010.05844061315,,TRUE,FALSE,COMPLETED
1725153093,EMP001,2024-03-01 00:00:00 UTC,450909.83024617325,,TRUE,FALSE,COMPLETED
1259914576,EMP001,2024-03-01 00:00:00 UTC,458422.97478613345,,TRUE,FALSE,COMPLETED
2078437352,EMP001,2024-03-31 00:00:00 UTC,1268707.0047618202,,TRUE,FALSE,COMPLETED
1073278475,EMP001,2024-03-31 00:00:00 UTC,1156688.7188038735,,TRUE,FALSE,COMPLETED
107170247,EMP001,2024-03-31 00:00:00 UTC,1178807.4597702445,,TRUE,FALSE,COMPLETED
1756297999,EMP001,2024-03-31 00:00:00 UTC,1234882.2613160266,,TRUE,FALSE,COMPLETED
1226718477,EMP001,2024-03-31 00:00:00 UTC,1251206.8873048201,,TRUE,FALSE,COMPLETED
1085989895,EMP001,2024-03-31 00:00:00 UTC,1055184.8144215439,,TRUE,FALSE,COMPLETED
813594350,EMP001,2024-03-31 00:00:00 UTC,545017.9741415532,,TRUE,FALSE,COMPLETED
468583782,EMP001,2024-03-31 00:00:00 UTC,420487.33451204014,,TRUE,FALSE,COMPLETED
1980337437,EMP001,2024-03-31 00:00:00 UTC,445816.1642890858,,TRUE,FALSE,COMPLETED
213244794,EMP001,2024-03-31 00:00:00 UTC,518226.13010349585,,TRUE,FALSE,COMPLETED
727646230,EMP001,2024-03-31 00:00:00 UTC,473868.12748217274,,TRUE,FALSE,COMPLETED
909339767,EMP001,2024-03-31 00:00:00 UTC,418191.50691702106,,TRUE,FALSE,COMPLETED
1600057380,EMP001,2024-04-30 00:00:00 UTC,1351076.8679693867,,TRUE,FALSE,COMPLETED
155367701,EMP001,2024-04-30 00:00:00 UTC,1184677.3238471379,,TRUE,FALSE,COMPLETED
1478683977,EMP001,2024-04-30 00:00:00 UTC,1222663.1845095325,,TRUE,FALSE,COMPLETED
1142392833,EMP001,2024-04-30 00:00:00 UTC,1431262.992307705,,TRUE,FALSE,COMPLETED
981133152,EMP001,2024-04-30 00:00:00 UTC,1218348.579261412,,TRUE,FALSE,COMPLETED
1019136776,EMP001,2024-04-30 00:00:00 UTC,1123967.9594626252,,TRUE,FALSE,COMPLETED
142697116,EMP001,2024-04-30 00:00:00 UTC,448078.6862714542,,TRUE,FALSE,COMPLETED
883748384,EMP001,2024-04-30 00:00:00 UTC,460030.3973782014,,TRUE,FALSE,COMPLETED
576168526,EMP001,2024-04-30 00:00:00 UTC,390322.2792131774,,TRUE,FALSE,COMPLETED
2066535025,EMP001,2024-04-30 00:00:00 UTC,522596.66613761656,,TRUE,FALSE,COMPLETED
675597767,EMP001,2024-04-30 00:00:00 UTC,414304.86937797745,,TRUE,FALSE,COMPLETED
1616805217,EMP001,2024-04-30 00:00:00 UTC,446152.20155150624,,TRUE,FALSE,COMPLETED
1008319949,EMP001,2024-05-30 00:00:00 UTC,1291376.8461336691,,TRUE,FALSE,COMPLETED
531742804,EMP001,2024-05-30 00:00:00 UTC,1232654.3902706227,,TRUE,FALSE,COMPLETED
759741331,EMP001,2024-05-30 00:00:00 UTC,1157683.916800508,,TRUE,FALSE,COMPLETED
247355777,EMP001,2024-05-30 00:00:00 UTC,1131926.410898685,,TRUE,FALSE,COMPLETED
1778462725,EMP001,2024-05-30 00:00:00 UTC,1204422.9746496198,,TRUE,FALSE,COMPLETED
1944236239,EMP001,2024-05-30 00:00:00 UTC,1159867.461004608,,TRUE,FALSE,COMPLETED
1128440205,EMP001,2024-05-30 00:00:00 UTC,400291.47090595233,,TRUE,FALSE,COMPLETED
536045261,EMP001,2024-05-30 00:00:00 UTC,416740.9385288228,,TRUE,FALSE,COMPLETED
299891517,EMP001,2024-05-30 00:00:00 UTC,378265.3375229838,,TRUE,FALSE,COMPLETED
1307994495,EMP001,2024-05-30 00:00:00 UTC,454621.7767910639,,TRUE,FALSE,COMPLETED
1992994272,EMP001,2024-05-30 00:00:00 UTC,454781.2025267944,,TRUE,FALSE,COMPLETED
1869466456,EMP001,2024-05-30 00:00:00 UTC,388375.79244791664,,TRUE,FALSE,COMPLETED
851770979,EMP001,2024-06-29 00:00:00 UTC,1029357.5156673471,,TRUE,FALSE,COMPLETED
1366187502,EMP001,2024-06-29 00:00:00 UTC,1085868.8210658787,,TRUE,FALSE,COMPLETED
889106426,EMP001,2024-06-29 00:00:00 UTC,1018601.6689568578,,TRUE,FALSE,COMPLETED
334184117,EMP001,2024-06-29 00:00:00 UTC,1182065.891595655,,TRUE,FALSE,COMPLETED
1622943974,EMP001,2024-06-29 00:00:00 UTC,1197600.6994086346,,TRUE,FALSE,COMPLETED
1929642682,EMP001,2024-06-29 00:00:00 UTC,1013972.5508720442,,TRUE,FALSE,COMPLETED
1404320365,EMP001,2024-06-29 00:00:00 UTC,401219.5576948524,,TRUE,FALSE,COMPLETED
323120092,EMP001,2024-06-29 00:00:00 UTC,354513.1262737991,,TRUE,FALSE,COMPLETED
1398830236,EMP001,2024-06-29 00:00:00 UTC,348038.7080648686,,TRUE,FALSE,COMPLETED
1523637553,EMP001,2024-06-29 00:00:00 UTC,419967.55772037787,,TRUE,FALSE,COMPLETED
691680806,EMP001,2024-06-29 00:00:00 UTC,380896.0578506459,,TRUE,FALSE,COMPLETED
2038148677,EMP001,2024-06-29 00:00:00 UTC,407526.1634240728,,TRUE,FALSE,COMPLETED
283432965,EMP001,2024-07-29 00:00:00 UTC,866072.5321818005,,TRUE,FALSE,COMPLETED
825557132,EMP001,2024-07-29 00:00:00 UTC,1045620.6170552784,,TRUE,FALSE,COMPLETED
1576712077,EMP001,2024-07-29 00:00:00 UTC,1024587.1964558196,,TRUE,FALSE,COMPLETED
1115810779,EMP001,2024-07-29 00:00:00 UTC,991350.4734688873,,TRUE,FALSE,COMPLETED
63059995,EMP001,2024-07-29 00:00:00 UTC,941439.4620564934,,TRUE,FALSE,COMPLETED
481535776,EMP001,2024-07-29 00:00:00 UTC,1124023.9328866927,,TRUE,FALSE,COMPLETED
1003116661,EMP001,2024-07-29 00:00:00 UTC,341590.7053563588,,TRUE,FALSE,COMPLETED
29151523,EMP001,2024-07-29 00:00:00 UTC,331907.55489644007,,TRUE,FALSE,COMPLETED
1925725849,EMP001,2024-07-29 00:00:00 UTC,383688.2374882704,,TRUE,FALSE,COMPLETED
1615196293,EMP001,2024-07-29 00:00:00 UTC,305527.9238276582,,TRUE,FALSE,COMPLETED
1206738830,EMP001,2024-07-29 00:00:00 UTC,364910.85728995595,,TRUE,FALSE,COMPLETED
1664191336,EMP001,2024-07-29 00:00:00 UTC,323274.67764227994,,TRUE,FALSE,COMPLETED
893580621,EMP001,2024-08-28 00:00:00 UTC,838037.462923591,,TRUE,FALSE,COMPLETED
1147989827,EMP001,2024-08-28 00:00:00 UTC,914409.257132964,,TRUE,FALSE,COMPLETED
1763214864,EMP001,2024-08-28 00:00:00 UTC,1074402.679111838,,TRUE,FALSE,COMPLETED
13246699,EMP001,2024-08-28 00:00:00 UTC,792369.5823148141,,TRUE,FALSE,COMPLETED
1201009462,EMP001,2024-08-28 00:00:00 UTC,971936.7118628566,,TRUE,FALSE,COMPLETED
834110346,EMP001,2024-08-28 00:00:00 UTC,1059599.8709210744,,TRUE,FALSE,COMPLETED
2109532258,EMP001,2024-08-28 00:00:00 UTC,271664.01524494326,,TRUE,FALSE,COMPLETED
343952945,EMP001,2024-08-28 00:00:00 UTC,282221.412319099,,TRUE,FALSE,COMPLETED
2003807252,EMP001,2024-08-28 00:00:00 UTC,335773.76367162087,,TRUE,FALSE,COMPLETED
2069655069,EMP001,2024-08-28 00:00:00 UTC,256219.75272968007,,TRUE,FALSE,COMPLETED
1521253484,EMP001,2024-08-28 00:00:00 UTC,300501.75891937193,,TRUE,FALSE,COMPLETED
1024521214,EMP001,2024-08-28 00:00:00 UTC,356461.52962225745,,TRUE,FALSE,COMPLETED
1113389507,EMP001,2024-09-27 00:00:00 UTC,773488.56031495,,TRUE,FALSE,COMPLETED
856649206,EMP001,2024-09-27 00:00:00 UTC,978174.8376638825,,TRUE,FALSE,COMPLETED
74355189,EMP001,2024-09-27 00:00:00 UTC,934851.6930117744,,TRUE,FALSE,COMPLETED
1955217365,EMP001,2024-09-27 00:00:00 UTC,791433.6306564602,,TRUE,FALSE,COMPLETED
437422309,EMP001,2024-09-27 00:00:00 UTC,913368.9418501474,,TRUE,FALSE,COMPLETED
1246859357,EMP001,2024-09-27 00:00:00 UTC,985747.7759757135,,TRUE,FALSE,COMPLETED
1932852548,EMP001,2024-09-27 00:00:00 UTC,279317.2607431053,,TRUE,FALSE,COMPLETED
375833734,EMP001,2024-09-27 00:00:00 UTC,296540.00984553824,,TRUE,FALSE,COMPLETED
1678872902,EMP001,2024-09-27 00:00:00 UTC,354135.3899114305,,TRUE,FALSE,COMPLETED
895327073,EMP001,2024-09-27 00:00:00 UTC,249845.32021223468,,TRUE,FALSE,COMPLETED
1443984318,EMP001,2024-09-27 00:00:00 UTC,271091.60922195,,TRUE,FALSE,COMPLETED
2014360210,EMP001,2024-09-27 00:00:00 UTC,317116.8756536277,,TRUE,FALSE,COMPLETED
745803840,EMP001,2024-10-27 00:00:00 UTC,900187.8640405668,,TRUE,FALSE,COMPLETED
302809822,EMP001,2024-10-27 00:00:00 UTC,860217.9810433934,,TRUE,FALSE,COMPLETED
1768395498,EMP001,2024-10-27 00:00:00 UTC,1045194.4707994007,,TRUE,FALSE,COMPLETED
1684722036,EMP001,2024-10-27 00:00:00 UTC,898967.3359847527,,TRUE,FALSE,COMPLETED
479627684,EMP001,2024-10-27 00:00:00 UTC,987249.8579012987,,TRUE,FALSE,COMPLETED
1945530865,EMP001,2024-10-27 00:00:00 UTC,1099507.81893166,,TRUE,FALSE,COMPLETED
295950196,EMP001,2024-10-27 00:00:00 UTC,246093.3625885715,,TRUE,FALSE,COMPLETED
1811530945,EMP001,2024-10-27 00:00:00 UTC,310118.9525480316,,TRUE,FALSE,COMPLETED
1585074206,EMP001,2024-10-27 00:00:00 UTC,299468.27752146375,,TRUE,FALSE,COMPLETED
55392299,EMP001,2024-10-27 00:00:00 UTC,249067.81385490327,,TRUE,FALSE,COMPLETED
721515853,EMP001,2024-10-27 00:00:00 UTC,282529.4746905492,,TRUE,FALSE,COMPLETED
1181683268,EMP001,2024-10-27 00:00:00 UTC,333693.22381568956,,TRUE,FALSE,COMPLETED
827354194,EMP001,2024-11-26 00:00:00 UTC,985015.0236870268,,TRUE,FALSE,COMPLETED
1937840094,EMP001,2024-11-26 00:00:00 UTC,988433.6519357676,,TRUE,FALSE,COMPLETED
1743519116,EMP001,2024-11-26 00:00:00 UTC,1067532.9302495522,,TRUE,FALSE,COMPLETED
945666932,EMP001,2024-11-26 00:00:00 UTC,1027417.9106583808,,TRUE,FALSE,COMPLETED
1468518447,EMP001,2024-11-26 00:00:00 UTC,992787.3663026071,,TRUE,FALSE,COMPLETED
1983279964,EMP001,2024-11-26 00:00:00 UTC,1177975.5508478726,,TRUE,FALSE,COMPLETED
1270464989,EMP001,2024-11-26 00:00:00 UTC,295162.3141691867,,TRUE,FALSE,COMPLETED
1634359819,EMP001,2024-11-26 00:00:00 UTC,351030.25941458414,,TRUE,FALSE,COMPLETED
165046218,EMP001,2024-11-26 00:00:00 UTC,354484.7807368423,,TRUE,FALSE,COMPLETED
114976481,EMP001,2024-11-26 00:00:00 UTC,316876.6889789299,,TRUE,FALSE,COMPLETED
1368297875,EMP001,2024-11-26 00:00:00 UTC,340488.3046361951,,TRUE,FALSE,COMPLETED
1253772065,EMP001,2024-11-26 00:00:00 UTC,333682.68566717027,,TRUE,FALSE,COMPLETED
1055693605,EMP001,2024-12-26 00:00:00 UTC,1135797.6572865993,,TRUE,FALSE,COMPLETED
1681239698,EMP001,2024-12-26 00:00:00 UTC,1063027.2071445736,,TRUE,FALSE,COMPLETED
232496105,EMP001,2024-12-26 00:00:00 UTC,1219611.8451719147,,TRUE,FALSE,COMPLETED
665881797,EMP001,2024-12-26 00:00:00 UTC,1201801.2059908102,,TRUE,FALSE,COMPLETED
1274335965,EMP001,2024-12-26 00:00:00 UTC,1198057.3725182589,,TRUE,FALSE,COMPLETED
1473632340,EMP001,2024-12-26 00:00:00 UTC,1060086.1251343957,,TRUE,FALSE,COMPLETED
1008248152,EMP001,2024-12-26 00:00:00 UTC,337900.1566226365,,TRUE,FALSE,COMPLETED
2073376446,EMP001,2024-12-26 00:00:00 UTC,331721.0007011653,,TRUE,FALSE,COMPLETED
130346083,EMP001,2024-12-26 00:00:00 UTC,336170.7312471515,,TRUE,FALSE,COMPLETED
796454279,EMP001,2024-12-26 00:00:00 UTC,318982.9029045328,,TRUE,FALSE,COMPLETED
1580433104,EMP001,2024-12-26 00:00:00 UTC,346357.3208427945,,TRUE,FALSE,COMPLETED
1834395317,EMP001,2024-12-26 00:00:00 UTC,338817.13786606194,,TRUE,FALSE,COMPLETED
